Scenario,Backend,Machine,p50_median,p50_q1,p50_q3,p50_std,p99_median,p99_q1,p99_q3,p99_std,MB/s_median,MB/s_q1,MB/s_q3,MB/s_std,trials,Readers,Writers
Latency (1:1),RsIpc_zerocopy,amd_ryzen7_7700_nothp,0.79665599969303,0.795095625335307,0.7978154994816578,0.014449435702531835,0.8489093000207504,0.845893399432498,0.8531491172925598,0.020524438342710952,6223.561347317295,6219.07005514085,6247.653686095993,36.64163020482199,10,1,1
Latency (1:1),RsIpc_copy,amd_ryzen7_7700_nothp,0.1910140003928973,0.19064024968429294,0.19184899997526372,0.00158404575407116,0.21204760068030742,0.2048707988296883,0.2159410746435242,0.017622728364667186,21619.51645433825,21465.009883794006,21678.83800188793,188.5727432849262,10,1,1
Latency (1:1),MpQueue,amd_ryzen7_7700_nothp,1.733623500513204,1.7141738753707614,1.7452047500228218,0.04922040586896341,2.014112500482952,1.9772344323018842,2.0597392249283075,0.05144254014204427,1986.7232631773963,1966.0590835016594,1995.2592197013532,37.017498614507815,10,1,1
Latency (1:1),MpPipe,amd_ryzen7_7700_nothp,0.6886467494950921,0.6817976247930346,0.6902728753175325,0.011526775300510612,1.0642134348381695,1.037800504473128,1.4670624282280222,0.35873990612608075,3998.3195614143888,3968.647368379543,4033.231016058592,58.05296140063983,10,1,1
Latency (1:1),MpShm,amd_ryzen7_7700_nothp,0.8218585003305634,0.7994272505129629,0.8453555008145486,0.025463403397643,0.8879721500761666,0.8543532506018892,0.9042994198580345,0.02975329390624847,6000.524412259349,5836.769321943097,6202.679407192767,196.87073176771017,10,1,1
Latency (1:1),ZeroMQ,amd_ryzen7_7700_nothp,1.711516250452405,1.6933647500536608,1.7299772500791732,0.026861703924652296,2.5651685851881023,2.497671870164619,2.6561615680066373,0.1652005023527182,5749.981478674596,5700.373137050734,5814.618378039208,1117.7374075278537,10,1,1
Latency (1:1),PosixIpc,amd_ryzen7_7700_nothp,0.24297374966408825,0.23981399954209337,0.25140512525467784,0.04688200788385021,0.37355464965003193,0.36947757583220664,0.38202474929676106,0.01728824473193735,14368.250865963715,12355.77074681797,14490.308074944483,1490.119781980716,10,1,1
Scalability (1:10),RsIpc_zerocopy,amd_ryzen7_7700_nothp,1.941419750028217,1.919728862435477,1.957024899957105,0.03848819830955161,2.1889695196805405,2.17660670968462,2.2062378407144934,0.26704819920061096,2545.860167650574,2531.2947000996687,2559.6382923324945,46.76801379998681,10,10,1
Scalability (1:10),RsIpc_copy,amd_ryzen7_7700_nothp,2.632861599977332,2.6107851373126323,2.6403118623875343,0.1147576045382723,2.86658530814384,2.812714614754441,3.015082571760559,0.3766008048463126,1831.0947638227267,1824.462174805613,1840.822174345419,76.73981812279672,10,10,1
Scalability (1:10),MpQueue,amd_ryzen7_7700_nothp,10.511996025206827,10.321550887510966,10.555651662525634,0.17819991747951303,15.045853215394347,14.98372891350482,15.233894391111793,0.2875595403597837,338.79506310900547,336.3566348490464,342.83434226676644,4.37465913795939,10,10,1
Scalability (1:10),MpPipe,amd_ryzen7_7700_nothp,4.274581624940765,4.253472312689155,4.285133587450218,0.021538346406481463,4.869427804896987,4.8131640906131,4.924632371140889,0.0872108383651197,344.3786489530141,342.93855891989057,345.22340866965584,2.0029445052193258,10,10,1
Scalability (1:10),MpShm,amd_ryzen7_7700_nothp,8.390554600009636,8.322839287484385,8.454320349915179,0.17682484397674625,9.88068099852535,9.717267987345622,10.058603580296676,0.26275899474499714,553.8593085311584,548.1150073959822,555.8462159163727,10.610330107989746,10,10,1
Scalability (1:10),ZeroMQ,amd_ryzen7_7700_nothp,11.420326324923735,11.317919537555099,11.685731087641216,0.3995686162611871,24.573222481513774,24.131746386036877,24.812638153065116,0.5514106788340386,354.3288060444613,347.9135428344498,358.68693459687677,15.560677703114086,10,10,1
Scalability (1:10),PosixIpc,amd_ryzen7_7700_nothp,4.94132967492078,4.890689050353103,4.95458676234648,0.07757361226893479,5.972052742543383,5.825019447969681,6.0788138995149,0.6140756439680767,778.5565378223214,773.0123426019776,784.1093008051688,13.408276926852386,10,10,1
Contention (10:1),RsIpc_zerocopy,amd_ryzen7_7700_nothp,0.8465724995403434,0.838203874309329,0.8562662505937624,0.011001098668859923,58.84161046060524,53.32624211026692,86.02100862024602,19.938810284905784,5927.222032557085,5807.958488875822,6085.926361203043,138.6314880027002,10,1,10
Contention (10:1),RsIpc_copy,amd_ryzen7_7700_nothp,1.8669489995772892,1.8601752499307622,1.8936352494165476,0.040085130631934376,3.3388218500840603,3.3167587994785213,3.388573374331827,0.09304571927430813,14542.225981809126,14358.723403834863,14728.98873432445,221.2493835046226,10,1,10
Contention (10:1),MpQueue,amd_ryzen7_7700_nothp,1.9249684996793803,1.891736500965635,1.93988225009889,0.038087098454301145,5.301069810566844,5.258687440523832,5.38647026510313,0.15356208703306481,1791.7314767405242,1771.8869560845687,1810.9024027439361,30.95632424681782,10,1,10
Contention (10:1),MpPipe,amd_ryzen7_7700_nothp,0.783781000336603,0.7787126251059817,0.7846507496651611,0.003968185959519067,75.63938387456815,73.46269531226882,84.75878262199984,21.186786057999658,3531.530020246131,3512.3976156596864,3546.309886634917,22.954683863406526,10,1,10
Contention (10:1),MpShm,amd_ryzen7_7700_nothp,1.2106249992029916,1.197611374891494,1.2846508750499197,0.07735769242867449,37.54499960997245,35.2634599047908,39.26244445812246,3.0032802700924695,4984.494943076899,4936.552958875101,5051.264683217294,88.65194976123357,10,1,10
Contention (10:1),ZeroMQ,amd_ryzen7_7700_nothp,29.159799250464857,28.598149124036354,29.434167000090383,0.7194621395004585,62.771774305365454,60.09007529742121,65.8959179934801,8.816330762576273,3329.708190653343,3305.651310175687,3334.8352660549012,57.29456251404326,10,1,10
Contention (10:1),PosixIpc,amd_ryzen7_7700_nothp,2.3799280002094747,2.3733481257295352,2.3974805003490474,0.17804628552535584,2.6292194554480375,2.5088216271478814,4.059107753291755,1.2051891820674083,11302.678198731934,11027.80669032321,11338.609981983369,705.9108463111007,10,1,10
Size 1MB,RsIpc_zerocopy,amd_ryzen7_7700_nothp,0.0705047505107359,0.06970362483116332,0.07118674921002821,0.0009306569068720801,0.08158384395756002,0.07836469792891877,0.08497255212205346,0.0036543183876712967,17336.524499163464,17109.833677221992,17508.21027850284,267.88313321855617,10,1,1
Size 1MB,RsIpc_copy,amd_ryzen7_7700_nothp,0.3101607503595005,0.3089455005920172,0.3111060004812316,0.002208771141624679,0.3231724500983546,0.3199093509147133,0.38293786749818554,0.19595363497071355,3270.554570783387,3220.6823325030955,3289.4199342708866,48.49009361477078,10,1,1
Size 1MB,MpQueue,amd_ryzen7_7700_nothp,0.9281590000682627,0.9001662501759711,0.9468665000440524,0.026913001121651098,1.045802254575392,1.0133490994985552,1.0519929076644987,0.034747763502498245,2402.009551194383,2383.472287798325,2446.436466666601,49.94643412371526,10,1,1
Size 1MB,MpPipe,amd_ryzen7_7700_nothp,0.25153124988719355,0.2508146242234943,0.2526372504689789,0.002067663636021113,0.6699284996284405,0.5723225639258099,0.67884660017171,0.12151958252745036,3809.802934705067,3776.948797653684,3838.552651896128,52.471201243035885,10,1,1
Size 1MB,MpShm,amd_ryzen7_7700_nothp,0.3050680006708717,0.30441674994108325,0.30557424997823546,0.0009309046441795609,0.3461135450288574,0.3205822249901758,0.4042170320826701,0.04614748601657593,3131.9123402381,3126.6971095955187,3152.8289398250354,15.563033308292557,10,1,1
Size 1MB,ZeroMQ,amd_ryzen7_7700_nothp,0.4098452495782112,0.4048036248605058,0.41112837493528787,0.004502880756275368,1.720804595215669,1.7135506176373383,1.754585946878251,0.20164195815612793,2268.9820145204376,2250.2431171248436,2315.406383611452,653.7212502128377,10,1,1
Size 1MB,PosixIpc,amd_ryzen7_7700_nothp,0.3205632506251277,0.3118804997939151,0.32183300027099904,0.0059622880035399015,0.33911090017682005,0.336389899543974,0.4818917933471318,0.20050476218642405,3164.732316394625,3129.4513929725167,3189.411476930195,70.25056462019883,10,1,1
Size 2MB,RsIpc_zerocopy,amd_ryzen7_7700_nothp,0.12441899980331073,0.12347687538749597,0.1263881254089938,0.0024743122375760758,0.13473465017341368,0.13286884279295919,0.14113367430127252,0.004751802451353674,17267.026724615884,17088.917103940057,17331.813241227814,262.6277111883862,10,1,1
Size 2MB,RsIpc_copy,amd_ryzen7_7700_nothp,0.6014487498759991,0.6008310001561767,0.603385124804845,0.001838004091571983,0.6137246491744008,0.6120717994917868,0.6165500224415155,0.005274678264730018,3323.124634055904,3314.403849261743,3333.8258511788245,10.652281535118552,10,1,1
Size 2MB,MpQueue,amd_ryzen7_7700_nothp,2.2544712492162944,2.214362624954447,2.267927125785718,0.03687103359134707,2.3615169895856516,2.333204960823422,2.3861819144167375,0.03499477155443687,1798.03398424625,1784.4176954249826,1829.0553770764184,30.52035805331181,10,1,1
Size 2MB,MpPipe,amd_ryzen7_7700_nothp,0.5050342497270321,0.5019507493670972,0.5073145002825186,0.0036752616204652035,0.5838015449262456,0.570441872059746,0.6463946497660794,0.2693044914447966,3857.9053687859555,3818.7504746147956,3880.4728696444663,50.6449240849639,10,1,1
Size 2MB,MpShm,amd_ryzen7_7700_nothp,0.5792662500425649,0.5780588742254622,0.5816102500375564,0.005715559077969972,0.5957898496308189,0.5911596070882297,0.5988193674738795,0.006995321853691179,3264.53012163614,3256.537065297143,3279.9887034175363,29.240908617665653,10,1,1
Size 2MB,ZeroMQ,amd_ryzen7_7700_nothp,0.7878625001467299,0.7858750002469606,0.79321000021082,0.003936705675784076,3.1210449898208013,2.8988132120912233,3.242644602196376,0.48227927400421494,2298.006821685391,2253.3494414084275,2308.5576967796133,567.965434435452,10,1,1
Size 2MB,PosixIpc,amd_ryzen7_7700_nothp,0.6276537501435087,0.6121086257735442,0.6288672498158121,0.01255523672507119,0.641504795066794,0.6399553250321333,0.6493190743458399,0.010523239505575342,3167.62858559875,3146.098789093791,3177.4587022583123,34.992699375180635,10,1,1
Size 4MB,RsIpc_zerocopy,amd_ryzen7_7700_nothp,0.23763099989082548,0.22948400055611273,0.23853975062593236,0.006313652539364444,0.2638707251207961,0.2523829874007788,0.2682660001255499,0.010168902798081737,16377.606071558024,16234.520914897676,16468.105199403293,237.6787413277082,10,1,1
Size 4MB,RsIpc_copy,amd_ryzen7_7700_nothp,1.2021997499687131,1.1981704997197085,1.2032283746066241,0.0038180491879367543,1.218730475011398,1.2147216496714464,1.2200954123045449,0.004528796606895091,3309.0340782202466,3297.80545811255,3315.6656378092266,11.81187870232256,10,1,1
Size 4MB,MpQueue,amd_ryzen7_7700_nothp,3.636229500443733,3.603006124649255,3.6954001243429957,0.07199485875942432,3.939297475199055,3.880922887719862,4.076111574477181,0.12419683389559383,2400.716068721821,2366.9336700876684,2427.4770266689006,39.74180535373252,10,1,1
Size 4MB,MpPipe,amd_ryzen7_7700_nothp,0.9985809992940631,0.9950737498911622,1.0061873749691586,0.014275249961956624,2.37434672508243,2.2886598127797675,2.485406874893667,0.5970118201760519,3685.210629595109,3607.8581008029737,3752.1931331863525,149.56992533068163,10,1,1
Size 4MB,MpShm,amd_ryzen7_7700_nothp,1.1294199998701515,1.1253429997850617,1.1323391249788983,0.016347420530755268,1.1584062502606685,1.146641337118126,1.1756951125335036,0.025936815654531372,3328.7803662349907,3325.175645097174,3344.983176319313,42.27001129247756,10,1,1
Size 4MB,ZeroMQ,amd_ryzen7_7700_nothp,1.6046047494455706,1.6011936245377,1.6138825005782564,0.012549263392643171,3.5155561251031022,3.3487029636489747,3.8767494756484653,0.7777622710653227,2063.019676903393,1314.3646888308112,2151.4711925972356,505.2381711052684,10,1,1
Size 4MB,PosixIpc,amd_ryzen7_7700_nothp,1.3172264998502214,1.3158864999240905,1.3203041246470093,0.007379548985630273,1.34239427529792,1.33941246260747,1.349867887279288,0.010671221845692412,3203.5357174597484,3194.300541924039,3212.3451643933267,22.101608191207685,10,1,1
Size 8MB,RsIpc_zerocopy,amd_ryzen7_7700_nothp,0.4823419994863798,0.47714699962853047,0.48535575024288846,0.005883662383448179,0.5092203943422646,0.5043674248054231,0.5162410533466755,0.033231791644806906,13593.907103637364,13523.16708268759,13644.082434837283,95.28702204918325,10,1,1
Size 8MB,RsIpc_copy,amd_ryzen7_7700_nothp,2.800369500164379,2.78541487568873,2.801358500164497,0.01367149813550462,2.8444942953865393,2.8311867995898865,2.860839300324187,0.025813601540595185,2971.069252605368,2957.9464484945556,2984.297124979542,15.797210566419384,10,1,1
Size 8MB,MpQueue,amd_ryzen7_7700_nothp,9.600023249731748,9.487374249829372,9.767638500761677,0.23812611364189382,10.034327724360992,9.925959147735739,10.111815446903165,0.6978823310952148,1702.3990089611216,1673.3504895908704,1723.8228811583986,35.98376592044392,10,1,1
Size 8MB,MpPipe,amd_ryzen7_7700_nothp,2.161206500204571,2.152429750367446,2.186126124797738,0.02668594724651744,2.2502906502813858,2.2242549726797733,2.2706162166923605,0.03211099923264837,3481.407795227171,3470.5574711329486,3488.9916890817767,14.25692322207896,10,1,1
Size 8MB,MpShm,amd_ryzen7_7700_nothp,2.41674225026145,2.4075073749827425,2.4193027497858566,0.011281653505059684,2.4463316499441135,2.439402508398416,2.451331317365657,0.040615415295984274,3237.4388583854115,3234.6220059595325,3244.3068498077328,10.683187109418967,10,1,1
Size 8MB,ZeroMQ,amd_ryzen7_7700_nothp,4.6376450000025216,4.596908749590511,4.651187500485321,0.09451776378556333,5.486032400085604,4.872198772718548,5.752073864086924,0.6542322026279439,2022.6143642028658,1978.4125412012045,2055.411791258699,338.1479212789519,10,1,1
Size 8MB,PosixIpc,amd_ryzen7_7700_nothp,2.717120500165038,2.714495000191164,2.723923374333026,0.008483149820846142,2.796017699483855,2.7825873427673287,2.8066442501631172,0.05340055449702481,3067.6219603073505,3060.199450797435,3075.522681502993,11.57892607350214,10,1,1
Size 16MB,RsIpc_zerocopy,amd_ryzen7_7700_nothp,1.5333549995375506,1.5317141246669053,1.5366449999874021,0.00654333794551641,1.5731330947528477,1.5624732566084276,1.5952204956056448,0.032553061464537174,10008.815948270001,9977.663681265942,10051.31048703727,43.0796126683697,10,1,1
Size 16MB,RsIpc_copy,amd_ryzen7_7700_nothp,6.636039250224712,6.619223750021774,6.64435200042135,0.02748985269985506,6.6938659002062195,6.670297739360649,6.736277372242512,0.08522738241861655,2610.696798818346,2595.240236835516,2624.3832537205008,17.48651789836522,10,1,1
Size 16MB,MpQueue,amd_ryzen7_7700_nothp,21.340608750506362,21.09615000017584,21.531757374987137,0.31750718170836123,21.597077445239847,21.539864757373834,21.692354934843934,0.346267392081313,1551.6683965096888,1539.1071348533326,1565.339846280537,16.984876828125625,10,1,1
Size 16MB,MpPipe,amd_ryzen7_7700_nothp,4.841855749873503,4.820224374952886,4.861610999341792,0.033357936999427,4.930499800666439,4.895078600225133,4.959742750470468,0.0953926863804926,3235.8947845252283,3229.282285029825,3253.1213101339963,20.06347439055461,10,1,1
Size 16MB,MpShm,amd_ryzen7_7700_nothp,5.618015750314953,5.593908499804456,5.626359374900858,0.028997891541764784,5.64274420475158,5.627861072584892,5.726605874556299,0.10599000050521454,2858.0811867383973,2854.4231491476644,2877.596936180959,20.67453753956378,10,1,1
Size 16MB,ZeroMQ,amd_ryzen7_7700_nothp,9.401358999639342,9.36404149979353,9.482992498760723,0.2700810003669551,10.92790572006379,10.649395665127486,11.420901855640295,0.4217381319568048,1860.5997863270677,1317.8704885875206,1865.8185315991227,311.89531592713297,10,1,1
Size 16MB,PosixIpc,amd_ryzen7_7700_nothp,5.934366000019509,5.915378500731094,5.964128625691956,0.11722217066920654,6.090281249989857,5.993901250076306,6.237214948178007,0.16886788200624708,2792.929487461396,2749.1844472687076,2830.4909781954075,54.84056794843716,10,1,1
Size 32MB,RsIpc_zerocopy,amd_ryzen7_7700_nothp,26.0418040006698,25.940759374861955,26.19192162478612,0.22143002858339386,26.443160484795953,26.312380109643527,26.58887452308136,0.30687427465405087,2181.7972588752136,2173.752400872458,2192.124385533935,15.241230178250412,10,1,1
Size 32MB,RsIpc_copy,amd_ryzen7_7700_nothp,79.45373075017415,79.15451762505654,79.68020187468028,0.7911741502981366,80.74268300960284,80.04899634255253,81.08603108691113,0.9310304801902105,961.1969425286189,955.9684026574689,963.9501492755942,7.024497775356804,10,1,1
Size 32MB,MpQueue,amd_ryzen7_7700_nothp,70.62801899974147,70.41969375063672,70.99166462489848,0.4435392487000297,71.66869694043271,71.06361155994819,71.85947353817483,0.5661693916650322,1093.3684269088667,1088.0169145777222,1096.7953807720837,5.959866680922226,10,1,1
Size 32MB,MpPipe,amd_ryzen7_7700_nothp,40.30847250032821,40.21106574919031,40.38940700002058,0.1831959162385925,40.63233844507522,40.403185603431666,40.8150527773023,0.3400767226149357,1104.0542015138694,1098.5985837227502,1110.0373677475682,7.913190860433801,10,1,1
Size 32MB,MpShm,amd_ryzen7_7700_nothp,39.43405200016059,38.67455100021289,40.37709749991336,1.15248793270662,39.770787750958334,39.17425522704434,40.63956964314457,1.070337952899275,1499.209664012827,1463.1614782438435,1520.8107183081001,40.91550148785182,10,1,1
Size 32MB,ZeroMQ,amd_ryzen7_7700_nothp,74.30531199997858,74.18643937489833,74.55366674980723,0.38264114234124413,76.38841431065885,75.44597185596558,78.05854771730537,1.5395319497210938,759.9387442364277,750.4027866258259,761.43293288157,9.562307650097583,10,1,1
Size 32MB,PosixIpc,amd_ryzen7_7700_nothp,47.74216624991823,47.08287112543985,47.945775750122266,0.5617501135362946,48.19884669429484,47.38455634924321,48.5378653759426,0.687671564936731,1280.4986917187905,1274.6844780933504,1288.046322852053,9.583241936371673,10,1,1
