Scenario,Backend,Trial,p50,p99,MB/s,Readers,Writers,Machine
Latency (1:1),RsIpc_zerocopy,0,0.7970710003064596,0.8469049009909213,6222.309377419996,1,1,amd_ryzen7_7700_nothp
Latency (1:1),RsIpc_zerocopy,1,0.7978404992172727,0.8519086995511316,6219.399008925027,1,1,amd_ryzen7_7700_nothp
Latency (1:1),RsIpc_zerocopy,2,0.8309210006700596,0.8535625898730359,6167.490273456962,1,1,amd_ryzen7_7700_nothp
Latency (1:1),RsIpc_zerocopy,3,0.7957110001370893,0.8539497995298007,6224.8133172145945,1,1,amd_ryzen7_7700_nothp
Latency (1:1),RsIpc_zerocopy,4,0.7937205000416725,0.8466829997996684,6286.1808355322555,1,1,amd_ryzen7_7700_nothp
Latency (1:1),RsIpc_zerocopy,5,0.7977405002748128,0.8509136990505795,6218.960403879457,1,1,amd_ryzen7_7700_nothp
Latency (1:1),RsIpc_zerocopy,6,0.7948905004013795,0.8456301993101079,6251.5894411568215,1,1,amd_ryzen7_7700_nothp
Latency (1:1),RsIpc_zerocopy,7,0.7924410001578508,0.8444568000959407,6286.8703056363875,1,1,amd_ryzen7_7700_nothp
Latency (1:1),RsIpc_zerocopy,8,0.7962409990796004,0.8442374906371697,6235.846420913508,1,1,amd_ryzen7_7700_nothp
Latency (1:1),RsIpc_zerocopy,9,0.8285010007966775,0.9125536900864982,6198.6998904097545,1,1,amd_ryzen7_7700_nothp
Latency (1:1),RsIpc_copy,0,0.19246899955760455,0.21405819923529634,21679.792959677245,1,1,amd_ryzen7_7700_nothp
Latency (1:1),RsIpc_copy,1,0.19071400038228603,0.21033660048487945,21419.47684094237,1,1,amd_ryzen7_7700_nothp
Latency (1:1),RsIpc_copy,2,0.1920140002766857,0.2615395901921167,21387.942865441575,1,1,amd_ryzen7_7700_nothp
Latency (1:1),RsIpc_copy,3,0.19043900101678446,0.21656869977960014,21625.153547032078,1,1,amd_ryzen7_7700_nothp
Latency (1:1),RsIpc_copy,4,0.19070399866905063,0.21375860087573537,21613.879361644424,1,1,amd_ryzen7_7700_nothp
Latency (1:1),RsIpc_copy,5,0.19033399985346477,0.2048487985848624,21601.609012348916,1,1,amd_ryzen7_7700_nothp
Latency (1:1),RsIpc_copy,6,0.19131400040350854,0.2022116007174191,21679.116496762646,1,1,amd_ryzen7_7700_nothp
Latency (1:1),RsIpc_copy,7,0.19560399960028008,0.22011139910318891,21213.64784082751,1,1,amd_ryzen7_7700_nothp
Latency (1:1),RsIpc_copy,8,0.19061900002270704,0.2005567999003688,21880.288612207096,1,1,amd_ryzen7_7700_nothp
Latency (1:1),RsIpc_copy,9,0.19135399907099782,0.20493679956416602,21678.002517263772,1,1,amd_ryzen7_7700_nothp
Latency (1:1),MpQueue,0,1.7361060008624918,1.995649510918156,1983.4311745528394,1,1,amd_ryzen7_7700_nothp
Latency (1:1),MpQueue,1,1.6882064992387313,2.0931223001753096,2024.7791131139138,1,1,amd_ryzen7_7700_nothp
Latency (1:1),MpQueue,2,1.7228510005224962,1.9825018998017188,1995.5243870648446,1,1,amd_ryzen7_7700_nothp
Latency (1:1),MpQueue,3,1.677721499618201,1.9567353004094918,2038.885003923395,1,1,amd_ryzen7_7700_nothp
Latency (1:1),MpQueue,4,1.745671000207949,2.036105599654548,1965.0660294070312,1,1,amd_ryzen7_7700_nothp
Latency (1:1),MpQueue,5,1.731141000163916,1.9516440998086184,1994.4637176108795,1,1,amd_ryzen7_7700_nothp
Latency (1:1),MpQueue,6,1.7438059994674404,2.067617100019561,1965.8933975256282,1,1,amd_ryzen7_7700_nothp
Latency (1:1),MpQueue,7,1.8367454995313892,2.076831310223497,1903.994426543136,1,1,amd_ryzen7_7700_nothp
Latency (1:1),MpQueue,8,1.8080005002047983,1.9754786098019395,1966.5561414297529,1,1,amd_ryzen7_7700_nothp
Latency (1:1),MpQueue,9,1.7112815003201831,2.032575490047748,1990.0153518019536,1,1,amd_ryzen7_7700_nothp
Latency (1:1),MpPipe,0,0.6890119993840926,1.0618555894143387,4026.956069251136,1,1,amd_ryzen7_7700_nothp
Latency (1:1),MpPipe,1,0.7118020002963021,1.8121254099241926,3868.4687575012713,1,1,amd_ryzen7_7700_nothp
Latency (1:1),MpPipe,2,0.6696865002595587,1.0064940901611439,4036.9206046065356,1,1,amd_ryzen7_7700_nothp
Latency (1:1),MpPipe,3,0.6936509998922702,1.0395762793632488,3968.2233908211433,1,1,amd_ryzen7_7700_nothp
Latency (1:1),MpPipe,4,0.6822060004196828,1.767695200396702,3934.7112822614467,1,1,amd_ryzen7_7700_nothp
Latency (1:1),MpPipe,5,0.689046999468701,1.4196652695864067,3989.3640561555067,1,1,amd_ryzen7_7700_nothp
Latency (1:1),MpPipe,6,0.6906815006004763,1.4828614811085608,3969.9193010547415,1,1,amd_ryzen7_7700_nothp
Latency (1:1),MpPipe,7,0.6742815003235592,1.0372085795097545,4035.322664994411,1,1,amd_ryzen7_7700_nothp
Latency (1:1),MpPipe,8,0.6882814996060915,0.7265718993767224,4065.5489280257416,1,1,amd_ryzen7_7700_nothp
Latency (1:1),MpPipe,9,0.6816614995841519,1.0665712802620002,4007.2750666732713,1,1,amd_ryzen7_7700_nothp
Latency (1:1),MpShm,0,0.8010960009414703,0.8766135902806135,6258.450670167325,1,1,amd_ryzen7_7700_nothp
Latency (1:1),MpShm,1,0.842145999740751,0.9290986995620195,5850.830252511954,1,1,amd_ryzen7_7700_nothp
Latency (1:1),MpShm,2,0.843450499814935,0.9088051000071573,5854.645747220079,1,1,amd_ryzen7_7700_nothp
Latency (1:1),MpShm,3,0.847395500386483,0.9042803095144336,5823.369944767131,1,1,amd_ryzen7_7700_nothp
Latency (1:1),MpShm,4,0.8516204998159083,0.9043057899725682,5822.403578377225,1,1,amd_ryzen7_7700_nothp
Latency (1:1),MpShm,5,0.7946654995976132,0.8467756989011832,6204.921201558613,1,1,amd_ryzen7_7700_nothp
Latency (1:1),MpShm,6,0.7948805005071335,0.8546899997963919,6195.954024095232,1,1,amd_ryzen7_7700_nothp
Latency (1:1),MpShm,7,0.8459905011477531,0.8993307098717196,5832.08234508681,1,1,amd_ryzen7_7700_nothp
Latency (1:1),MpShm,8,0.7988710003701271,0.8510406903951663,6224.617062941941,1,1,amd_ryzen7_7700_nothp
Latency (1:1),MpShm,9,0.8015710009203758,0.8542410008703882,6146.40307729862,1,1,amd_ryzen7_7700_nothp
Latency (1:1),ZeroMQ,0,1.7122760009442572,2.4896242500472234,5750.732167902294,1,1,amd_ryzen7_7700_nothp
Latency (1:1),ZeroMQ,1,1.6852210001161438,2.4715942597686302,5816.431318162368,1,1,amd_ryzen7_7700_nothp
Latency (1:1),ZeroMQ,2,1.7188809997605858,2.670564410782419,5690.351148905119,1,1,amd_ryzen7_7700_nothp
Latency (1:1),ZeroMQ,3,1.710756499960553,2.5869989304738104,5809.179557669728,1,1,amd_ryzen7_7700_nothp
Latency (1:1),ZeroMQ,4,1.7365909998261486,2.6898561301277626,5730.439101487577,1,1,amd_ryzen7_7700_nothp
Latency (1:1),ZeroMQ,5,1.6564910001761746,2.521814730516806,5865.837980275196,1,1,amd_ryzen7_7700_nothp
Latency (1:1),ZeroMQ,6,1.7448110002078465,3.026863969353165,5749.230789446896,1,1,amd_ryzen7_7700_nothp
Latency (1:1),ZeroMQ,7,1.6989260002446827,2.5433382399023943,5673.41977835026,1,1,amd_ryzen7_7700_nothp
Latency (1:1),ZeroMQ,8,1.733676000185369,2.4859210497197863,5920.722766270039,1,1,amd_ryzen7_7700_nothp
Latency (1:1),ZeroMQ,9,1.6915109999899869,2.612953039679293,2252.2245203592765,1,1,amd_ryzen7_7700_nothp
Latency (1:1),PosixIpc,0,0.2448385002935538,0.36921540089679183,14647.721389324872,1,1,amd_ryzen7_7700_nothp
Latency (1:1),PosixIpc,1,0.23937400055729086,0.3709200989032979,14455.350953214662,1,1,amd_ryzen7_7700_nothp
Latency (1:1),PosixIpc,2,0.2383934997851611,0.37026410063845105,14501.960448854425,1,1,amd_ryzen7_7700_nothp
Latency (1:1),PosixIpc,3,0.24445899998681853,0.37618920039676595,13075.262584605858,1,1,amd_ryzen7_7700_nothp
Latency (1:1),PosixIpc,4,0.2535940002417192,0.4195553992758508,11890.534936435508,1,1,amd_ryzen7_7700_nothp
Latency (1:1),PosixIpc,5,0.23971399969013873,0.35388139969654736,14904.549832009721,1,1,amd_ryzen7_7700_nothp
Latency (1:1),PosixIpc,6,0.3419340000618831,0.3861005001635931,12115.940134222008,1,1,amd_ryzen7_7700_nothp
Latency (1:1),PosixIpc,7,0.24148849934135797,0.38251079931797,14346.824994866749,1,1,amd_ryzen7_7700_nothp
Latency (1:1),PosixIpc,8,0.3636330002336763,0.3805665992331342,10570.244330559619,1,1,amd_ryzen7_7700_nothp
Latency (1:1),PosixIpc,9,0.24011399909795728,0.36804099992878037,14389.676737060681,1,1,amd_ryzen7_7700_nothp
Scalability (1:10),RsIpc_zerocopy,0,1.9081388501945185,2.183893469020404,2595.576577136691,10,1,amd_ryzen7_7700_nothp
Scalability (1:10),RsIpc_zerocopy,1,1.9163192499036086,2.1580961173058313,2562.6676368866047,10,1,amd_ryzen7_7700_nothp
Scalability (1:10),RsIpc_zerocopy,2,1.97345625001617,2.215204408052159,2550.550258670163,10,1,amd_ryzen7_7700_nothp
Scalability (1:10),RsIpc_zerocopy,3,1.914512799885415,2.157760346031865,2577.011393203443,10,1,amd_ryzen7_7700_nothp
Scalability (1:10),RsIpc_zerocopy,4,1.955182149868051,2.19056616817943,2531.40137781312,10,1,amd_ryzen7_7700_nothp
Scalability (1:10),RsIpc_zerocopy,5,1.929957700031082,2.1741777899060253,2548.255044115204,10,1,amd_ryzen7_7700_nothp
Scalability (1:10),RsIpc_zerocopy,6,1.9352238500687236,2.187372871181651,2543.4652911859444,10,1,amd_ryzen7_7700_nothp
Scalability (1:10),RsIpc_zerocopy,7,1.9476156499877106,2.2095055379941186,2531.259140861852,10,1,amd_ryzen7_7700_nothp
Scalability (1:10),RsIpc_zerocopy,8,1.9576391499867896,2.1964347488756175,2527.4528074761206,10,1,amd_ryzen7_7700_nothp
Scalability (1:10),RsIpc_zerocopy,9,2.0393092498125043,3.0282251714525055,2420.7225320201287,10,1,amd_ryzen7_7700_nothp
Scalability (1:10),RsIpc_copy,0,2.688392100026249,3.467475591694894,1776.125687936746,10,1,amd_ryzen7_7700_nothp
Scalability (1:10),RsIpc_copy,1,2.607942149734299,3.0341263396549043,1837.4494069980583,10,1,amd_ryzen7_7700_nothp
Scalability (1:10),RsIpc_copy,2,2.6096088497070014,2.767896437948366,1860.422129086336,10,1,amd_ryzen7_7700_nothp
Scalability (1:10),RsIpc_copy,3,2.6376673499726166,2.872020569124288,1826.927252847197,10,1,amd_ryzen7_7700_nothp
Scalability (1:10),RsIpc_copy,4,2.614314000129525,2.820332505896659,1841.9464301278724,10,1,amd_ryzen7_7700_nothp
Scalability (1:10),RsIpc_copy,5,2.628055849982047,2.7582969779014093,1835.2622747982564,10,1,amd_ryzen7_7700_nothp
Scalability (1:10),RsIpc_copy,6,2.599665999878198,2.810175317707035,1851.7353436119406,10,1,amd_ryzen7_7700_nothp
Scalability (1:10),RsIpc_copy,7,2.6410667998788995,2.9579512680775224,1823.6895336796738,10,1,amd_ryzen7_7700_nothp
Scalability (1:10),RsIpc_copy,8,2.638047049913439,2.8611500471633917,1826.7800981834303,10,1,amd_ryzen7_7700_nothp
Scalability (1:10),RsIpc_copy,9,2.9834404498615186,3.9197659859055434,1599.183730070667,10,1,amd_ryzen7_7700_nothp
Scalability (1:10),MpQueue,0,10.095128650118568,14.977965549678629,346.587275930108,10,1,amd_ryzen7_7700_nothp
Scalability (1:10),MpQueue,1,10.24636219972308,14.47031030487597,347.07628952552096,10,1,amd_ryzen7_7700_nothp
Scalability (1:10),MpQueue,2,10.557263400005468,15.573740314863247,343.7805249808637,10,1,amd_ryzen7_7700_nothp
Scalability (1:10),MpQueue,3,10.592050650029705,14.97710869623188,339.9957941244747,10,1,amd_ryzen7_7700_nothp
Scalability (1:10),MpQueue,4,10.462307249963487,15.001019004983394,337.81534657214587,10,1,amd_ryzen7_7700_nothp
Scalability (1:10),MpQueue,5,10.274632100026793,15.046686760979355,339.774779645865,10,1,amd_ryzen7_7700_nothp
Scalability (1:10),MpQueue,6,10.550816450086131,15.045019669809339,336.1111195879993,10,1,amd_ryzen7_7700_nothp
Scalability (1:10),MpQueue,7,10.645437049970496,15.081716929162216,335.69761511924435,10,1,amd_ryzen7_7700_nothp
Scalability (1:10),MpQueue,8,10.5081510000673,15.284620211761652,337.0931806321874,10,1,amd_ryzen7_7700_nothp
Scalability (1:10),MpQueue,9,10.515841050346353,15.31942034211534,335.8071265345545,10,1,amd_ryzen7_7700_nothp
Scalability (1:10),MpPipe,0,4.298963600103889,4.79148526595236,342.63813458298733,10,1,amd_ryzen7_7700_nothp
Scalability (1:10),MpPipe,1,4.307138099829899,4.885773422000057,339.20422432808016,10,1,amd_ryzen7_7700_nothp
Scalability (1:10),MpPipe,2,4.248818600171944,4.856568071596486,345.4422008106922,10,1,amd_ryzen7_7700_nothp
Scalability (1:10),MpPipe,3,4.278568749941769,4.866356585167524,344.02200685543016,10,1,amd_ryzen7_7700_nothp
Scalability (1:10),MpPipe,4,4.24425559986048,4.981238540913184,342.47902694549094,10,1,amd_ryzen7_7700_nothp
Scalability (1:10),MpPipe,5,4.2495426001551095,4.872499024626451,345.3027897926465,10,1,amd_ryzen7_7700_nothp
Scalability (1:10),MpPipe,6,4.284062850001646,5.03859179675783,344.98526530068386,10,1,amd_ryzen7_7700_nothp
Scalability (1:10),MpPipe,7,4.285490499933076,4.75967452877012,343.83983193060027,10,1,amd_ryzen7_7700_nothp
Scalability (1:10),MpPipe,8,4.265261450291291,4.937585354187832,344.735291050598,10,1,amd_ryzen7_7700_nothp
Scalability (1:10),MpPipe,9,4.270594499939762,4.798696096951971,345.95422566881246,10,1,amd_ryzen7_7700_nothp
Scalability (1:10),MpShm,0,8.393076099946484,9.695218204213234,553.1040576517817,10,1,amd_ryzen7_7700_nothp
Scalability (1:10),MpShm,1,8.528819749972172,10.064657674705813,544.1629198205419,10,1,amd_ryzen7_7700_nothp
Scalability (1:10),MpShm,2,8.85115905020939,10.43185783865556,525.7552603953037,10,1,amd_ryzen7_7700_nothp
Scalability (1:10),MpShm,3,8.19579339977281,9.546373346940527,565.0255636191029,10,1,amd_ryzen7_7700_nothp
Scalability (1:10),MpShm,4,8.32393935033906,10.040441297069266,555.8402341767904,10,1,amd_ryzen7_7700_nothp
Scalability (1:10),MpShm,5,8.424954699967202,10.166139342338283,547.8084641617052,10,1,amd_ryzen7_7700_nothp
Scalability (1:10),MpShm,6,8.464108899897838,9.881325163814836,549.0346370988132,10,1,amd_ryzen7_7700_nothp
Scalability (1:10),MpShm,7,8.38803310007279,9.783417336742787,554.614559410535,10,1,amd_ryzen7_7700_nothp
Scalability (1:10),MpShm,8,8.32247259986616,9.693008836084118,558.3484863360952,10,1,amd_ryzen7_7700_nothp
Scalability (1:10),MpShm,9,8.31538360016566,9.880036833235863,555.8482098295667,10,1,amd_ryzen7_7700_nothp
Scalability (1:10),ZeroMQ,0,11.705348400209914,23.236461617088942,352.51322440608607,10,1,amd_ryzen7_7700_nothp
Scalability (1:10),ZeroMQ,1,10.89030740004091,24.22490574902259,333.89542483557204,10,1,amd_ryzen7_7700_nothp
Scalability (1:10),ZeroMQ,2,11.012199050219351,23.93685019814439,356.496645052913,10,1,amd_ryzen7_7700_nothp
Scalability (1:10),ZeroMQ,3,11.33203869976569,25.025577964081105,367.05185252933205,10,1,amd_ryzen7_7700_nothp
Scalability (1:10),ZeroMQ,4,11.313213150151569,24.710255964817414,352.5770977160151,10,1,amd_ryzen7_7700_nothp
Scalability (1:10),ZeroMQ,5,11.626879149935121,24.94479613194199,356.08051437290754,10,1,amd_ryzen7_7700_nothp
Scalability (1:10),ZeroMQ,6,11.365443099930417,24.846765549147683,359.4170311115314,10,1,amd_ryzen7_7700_nothp
Scalability (1:10),ZeroMQ,7,11.475209549917054,24.100693265041638,389.68271774588425,10,1,amd_ryzen7_7700_nothp
Scalability (1:10),ZeroMQ,8,12.099080299776688,24.514591349976403,338.35665451807057,10,1,amd_ryzen7_7700_nothp
Scalability (1:10),ZeroMQ,9,12.073906349996832,24.631853613051142,346.3803156439044,10,1,amd_ryzen7_7700_nothp
Scalability (1:10),PosixIpc,0,4.876315700403211,5.698287567896841,778.6928453725976,10,1,amd_ryzen7_7700_nothp
Scalability (1:10),PosixIpc,1,4.769339350059454,5.991903449161327,801.8808681950087,10,1,amd_ryzen7_7700_nothp
Scalability (1:10),PosixIpc,2,4.989756350005337,6.218538692593938,772.5173505653196,10,1,amd_ryzen7_7700_nothp
Scalability (1:10),PosixIpc,3,4.937343749952561,5.9428568199073215,785.783622263302,10,1,amd_ryzen7_7700_nothp
Scalability (1:10),PosixIpc,4,4.945315599889,7.804569017860563,772.5504286538072,10,1,amd_ryzen7_7700_nothp
Scalability (1:10),PosixIpc,5,4.953300849956577,5.952202035925438,774.3980844464886,10,1,amd_ryzen7_7700_nothp
Scalability (1:10),PosixIpc,6,4.9338091002027795,5.785740323990468,779.0863364307689,10,1,amd_ryzen7_7700_nothp
Scalability (1:10),PosixIpc,7,4.955015399809781,6.02713772505922,778.4202302720452,10,1,amd_ryzen7_7700_nothp
Scalability (1:10),PosixIpc,8,4.830386600042402,5.705684757656854,796.715792673119,10,1,amd_ryzen7_7700_nothp
Scalability (1:10),PosixIpc,9,5.035126999973727,6.096039291000126,753.8814626454271,10,1,amd_ryzen7_7700_nothp
Contention (10:1),RsIpc_zerocopy,0,0.8387104999201256,54.44180482980443,6089.9292325359465,1,10,amd_ryzen7_7700_nothp
Contention (10:1),RsIpc_zerocopy,1,0.8378054999411688,54.283011920162224,6096.972176615988,1,10,amd_ryzen7_7700_nothp
Contention (10:1),RsIpc_zerocopy,2,0.8580300009271014,49.909146339578044,5781.849951480149,1,10,amd_ryzen7_7700_nothp
Contention (10:1),RsIpc_zerocopy,3,0.8622400000604102,63.24141609140604,5787.687061782287,1,10,amd_ryzen7_7700_nothp
Contention (10:1),RsIpc_zerocopy,4,0.8509749995937455,84.28670039887947,5932.505122479039,1,10,amd_ryzen7_7700_nothp
Contention (10:1),RsIpc_zerocopy,5,0.8665445002407068,101.52224967074298,5775.430668183228,1,10,amd_ryzen7_7700_nothp
Contention (10:1),RsIpc_zerocopy,6,0.8467199995720875,87.34958408897,5921.938942635132,1,10,amd_ryzen7_7700_nothp
Contention (10:1),RsIpc_zerocopy,7,0.8464249995085993,45.15280137926337,5868.772770156427,1,10,amd_ryzen7_7700_nothp
Contention (10:1),RsIpc_zerocopy,8,0.8380349991057301,86.59911136070153,6073.917747204331,1,10,amd_ryzen7_7700_nothp
Contention (10:1),RsIpc_zerocopy,9,0.836179499856371,53.00731884030182,6105.174423507896,1,10,amd_ryzen7_7700_nothp
Contention (10:1),RsIpc_copy,0,1.8696639990594122,3.315334499075107,14604.991059493139,1,10,amd_ryzen7_7700_nothp
Contention (10:1),RsIpc_copy,1,1.8732090002231416,3.362394999312528,14459.965030464446,1,10,amd_ryzen7_7700_nothp
Contention (10:1),RsIpc_copy,2,1.9539534987416118,3.46881619980195,14215.365750544399,1,10,amd_ryzen7_7700_nothp
Contention (10:1),RsIpc_copy,3,1.8285539999851608,3.2674396895890823,14826.531156494466,1,10,amd_ryzen7_7700_nothp
Contention (10:1),RsIpc_copy,4,1.86374899931252,3.334425299726719,14479.460904125113,1,10,amd_ryzen7_7700_nothp
Contention (10:1),RsIpc_copy,5,1.837914500356419,3.2638167001823604,14807.966270967876,1,10,amd_ryzen7_7700_nothp
Contention (10:1),RsIpc_copy,6,1.9353934994796873,3.39729949933826,14291.43499270042,1,10,amd_ryzen7_7700_nothp
Contention (10:1),RsIpc_copy,7,1.8642340000951663,3.3210317006887635,14656.380525490871,1,10,amd_ryzen7_7700_nothp
Contention (10:1),RsIpc_copy,8,1.900443999147683,3.5663313001350625,14324.976194958335,1,10,amd_ryzen7_7700_nothp
Contention (10:1),RsIpc_copy,9,1.858984000136843,3.343218400441401,14753.191470602309,1,10,amd_ryzen7_7700_nothp
Contention (10:1),MpQueue,0,1.9282085004306282,5.194662209542496,1804.9067848163224,1,10,amd_ryzen7_7700_nothp
Contention (10:1),MpQueue,1,1.8880689995057764,5.296636670391819,1824.28074921899,1,10,amd_ryzen7_7700_nothp
Contention (10:1),MpQueue,2,1.8906240011347109,5.231848509720785,1812.9009420531406,1,10,amd_ryzen7_7700_nothp
Contention (10:1),MpQueue,3,1.8863384993892396,5.2647248799626745,1816.2062629276406,1,10,amd_ryzen7_7700_nothp
Contention (10:1),MpQueue,4,1.925198499520775,5.2566749607108845,1773.8230767579194,1,10,amd_ryzen7_7700_nothp
Contention (10:1),MpQueue,5,1.9909635002477444,5.30550295074187,1739.4212822078969,1,10,amd_ryzen7_7700_nothp
Contention (10:1),MpQueue,6,1.9247384998379857,5.710061989994342,1780.9950945483035,1,10,amd_ryzen7_7700_nothp
Contention (10:1),MpQueue,7,1.9833935002679937,5.326442049700359,1737.6748972397797,1,10,amd_ryzen7_7700_nothp
Contention (10:1),MpQueue,8,1.9437734999883105,5.491308650689985,1771.2415825267851,1,10,amd_ryzen7_7700_nothp
Contention (10:1),MpQueue,9,1.8950740004584077,5.4064796702373865,1802.4678589327448,1,10,amd_ryzen7_7700_nothp
Contention (10:1),MpPipe,0,0.7741299996268936,74.45188979992963,3544.1806906551747,1,10,amd_ryzen7_7700_nothp
Contention (10:1),MpPipe,1,0.7767605002300115,89.05217915109715,3510.6650107701294,1,10,amd_ryzen7_7700_nothp
Contention (10:1),MpPipe,2,0.7840200005375664,18.630924759729886,3491.667560835807,1,10,amd_ryzen7_7700_nothp
Contention (10:1),MpPipe,3,0.7848609993743594,97.4489778498928,3517.595430328357,1,10,amd_ryzen7_7700_nothp
Contention (10:1),MpPipe,4,0.7782900001984672,73.27448768966862,3547.019618628164,1,10,amd_ryzen7_7700_nothp
Contention (10:1),MpPipe,5,0.7850700003473321,74.02731818006943,3539.99679706981,1,10,amd_ryzen7_7700_nothp
Contention (10:1),MpPipe,6,0.7839560003048973,76.82687794920666,3523.0632434224517,1,10,amd_ryzen7_7700_nothp
Contention (10:1),MpPipe,7,0.7848909999665921,72.63931417955975,3564.763443670687,1,10,amd_ryzen7_7700_nothp
Contention (10:1),MpPipe,8,0.7836060003683087,76.95187317987804,3509.6596034962263,1,10,amd_ryzen7_7700_nothp
Contention (10:1),MpPipe,9,0.7799804998285254,87.36108576937377,3552.0036744306617,1,10,amd_ryzen7_7700_nothp
Contention (10:1),MpShm,0,1.1518930004967842,36.40115366908505,5002.1780387415065,1,10,amd_ryzen7_7700_nothp
Contention (10:1),MpShm,1,1.3988269993205904,34.574921540115646,5133.689498181409,1,10,amd_ryzen7_7700_nothp
Contention (10:1),MpShm,2,1.213367499076412,39.123975730781275,4939.497524139334,1,10,amd_ryzen7_7700_nothp
Contention (10:1),MpShm,3,1.2078824993295711,35.05774638071672,5056.153325423113,1,10,amd_ryzen7_7700_nothp
Contention (10:1),MpShm,4,1.1976024998148205,38.688845550859845,4935.571437120356,1,10,amd_ryzen7_7700_nothp
Contention (10:1),MpShm,5,1.2770575003742124,39.75330585002669,4966.811847412291,1,10,amd_ryzen7_7700_nothp
Contention (10:1),MpShm,6,1.2871819999418221,35.07890564995277,5036.59875659984,1,10,amd_ryzen7_7700_nothp
Contention (10:1),MpShm,7,1.1976380001215148,44.22877054015775,4877.511187281943,1,10,amd_ryzen7_7700_nothp
Contention (10:1),MpShm,8,1.1893829996552086,39.30860070056952,5092.761646027671,1,10,amd_ryzen7_7700_nothp
Contention (10:1),MpShm,9,1.3386320006247843,35.81712266930489,4871.0901313898885,1,10,amd_ryzen7_7700_nothp
Contention (10:1),ZeroMQ,0,29.209893999905034,76.55085779024388,3155.6978620884292,1,10,amd_ryzen7_7700_nothp
Contention (10:1),ZeroMQ,1,28.685996999229246,63.907566239813704,3346.33083049751,1,10,amd_ryzen7_7700_nothp
Contention (10:1),ZeroMQ,2,29.10970450102468,59.620731999875716,3314.1984970563885,1,10,amd_ryzen7_7700_nothp
Contention (10:1),ZeroMQ,3,30.071328000303765,61.49810519005769,3291.9346930061593,1,10,amd_ryzen7_7700_nothp
Contention (10:1),ZeroMQ,4,29.467237000062596,63.93911448038133,3329.897426967507,1,10,amd_ryzen7_7700_nothp
Contention (10:1),ZeroMQ,5,28.208018999976048,61.63598237091721,3355.6854434444244,1,10,amd_ryzen7_7700_nothp
Contention (10:1),ZeroMQ,6,29.858398999749625,55.683074749813414,3332.365264541279,1,10,amd_ryzen7_7700_nothp
Contention (10:1),ZeroMQ,7,29.334957000173745,58.53540733087361,3329.518954339179,1,10,amd_ryzen7_7700_nothp
Contention (10:1),ZeroMQ,8,28.568866498972056,66.54818583117968,3302.8022478821194,1,10,amd_ryzen7_7700_nothp
Contention (10:1),ZeroMQ,9,27.781601000242517,84.51644952043362,3335.6585998927753,1,10,amd_ryzen7_7700_nothp
Contention (10:1),PosixIpc,0,2.4464560010528658,2.718250101061131,11065.039142601514,1,10,amd_ryzen7_7700_nothp
Contention (10:1),PosixIpc,1,2.3985705001905444,2.5401888098349445,11348.437912047875,1,10,amd_ryzen7_7700_nothp
Contention (10:1),PosixIpc,2,2.3732655008643633,2.5388238108280348,11350.310936554255,1,10,amd_ryzen7_7700_nothp
Contention (10:1),PosixIpc,3,2.379601000029652,2.498820899254497,11301.757298718125,1,10,amd_ryzen7_7700_nothp
Contention (10:1),PosixIpc,4,2.3802550003892975,2.4896924998211034,11333.272461531318,1,10,amd_ryzen7_7700_nothp
Contention (10:1),PosixIpc,5,2.9457419996106182,5.846326999107988,9047.901363688456,1,10,amd_ryzen7_7700_nothp
Contention (10:1),PosixIpc,6,2.394210500824556,4.744773599995825,10876.004069671932,1,10,amd_ryzen7_7700_nothp
Contention (10:1),PosixIpc,7,2.372465499320242,3.301612109953567,11015.395872897108,1,10,amd_ryzen7_7700_nothp
Contention (10:1),PosixIpc,8,2.368315499552409,4.311606301071151,11303.59909874574,1,10,amd_ryzen7_7700_nothp
Contention (10:1),PosixIpc,9,2.373596000325051,2.460642000387452,11340.389155467385,1,10,amd_ryzen7_7700_nothp
Size 1MB,RsIpc_zerocopy,0,0.06916499933140585,0.07709420051469351,17588.12309230229,1,1,amd_ryzen7_7700_nothp
Size 1MB,RsIpc_zerocopy,1,0.07004449980740901,0.08702640026967871,17526.777191586476,1,1,amd_ryzen7_7700_nothp
Size 1MB,RsIpc_zerocopy,2,0.0703450004948536,0.08166419895133004,17354.107706383074,1,1,amd_ryzen7_7700_nothp
Size 1MB,RsIpc_zerocopy,3,0.06958999983908143,0.07782100057738718,17452.50953925194,1,1,amd_ryzen7_7700_nothp
Size 1MB,RsIpc_zerocopy,4,0.07189000007201685,0.08561739103242873,16909.032281269152,1,1,amd_ryzen7_7700_nothp
Size 1MB,RsIpc_zerocopy,5,0.07132899918360636,0.07999578998351353,17199.715965814965,1,1,amd_ryzen7_7700_nothp
Size 1MB,RsIpc_zerocopy,6,0.07066450052661821,0.08150348896379002,17318.941291943855,1,1,amd_ryzen7_7700_nothp
Size 1MB,RsIpc_zerocopy,7,0.06931000007170951,0.07753809088171694,17756.37384967136,1,1,amd_ryzen7_7700_nothp
Size 1MB,RsIpc_zerocopy,8,0.07075999928929377,0.08462561019769056,17079.872914357667,1,1,amd_ryzen7_7700_nothp
Size 1MB,RsIpc_zerocopy,9,0.07142000049498165,0.08508819943017443,17035.25565305812,1,1,amd_ryzen7_7700_nothp
Size 1MB,RsIpc_copy,0,0.3083479996348615,0.8078711887537937,3178.812527871404,1,1,amd_ryzen7_7700_nothp
Size 1MB,RsIpc_copy,1,0.3156730008413433,0.4026041897122925,3208.6588611257075,1,1,amd_ryzen7_7700_nothp
Size 1MB,RsIpc_copy,2,0.3092380002271966,0.3180099003657233,3298.765623340587,1,1,amd_ryzen7_7700_nothp
Size 1MB,RsIpc_copy,3,0.3094630001214682,0.31920210145472083,3293.346724977669,1,1,amd_ryzen7_7700_nothp
Size 1MB,RsIpc_copy,4,0.30884800071362406,0.7757758896150491,3169.0526041613534,1,1,amd_ryzen7_7700_nothp
Size 1MB,RsIpc_copy,5,0.30845299897919176,0.3188174003480526,3292.536176043625,1,1,amd_ryzen7_7700_nothp
Size 1MB,RsIpc_copy,6,0.3111335008725291,0.32298860041919397,3272.5128100331794,1,1,amd_ryzen7_7700_nothp
Size 1MB,RsIpc_copy,7,0.31195799965644255,0.32393890085586463,3256.75274663526,1,1,amd_ryzen7_7700_nothp
Size 1MB,RsIpc_copy,8,0.3110234993073391,0.32335629977751523,3268.596331533595,1,1,amd_ryzen7_7700_nothp
Size 1MB,RsIpc_copy,9,0.31085850059753284,0.32203109929469065,3280.071208952672,1,1,amd_ryzen7_7700_nothp
Size 1MB,MpQueue,0,0.8959844999480993,1.0310886997649504,2446.5170276283234,1,1,amd_ryzen7_7700_nothp
Size 1MB,MpQueue,1,0.8832044995870092,0.9671051000259467,2517.7167637304815,1,1,amd_ryzen7_7700_nothp
Size 1MB,MpQueue,2,0.9593839995432063,1.050306301094679,2367.944416570755,1,1,amd_ryzen7_7700_nothp
Size 1MB,MpQueue,3,0.9549389997118851,1.0613735000879387,2355.3528360685327,1,1,amd_ryzen7_7700_nothp
Size 1MB,MpQueue,4,0.896900000043388,1.0074358994097568,2458.0499667757304,1,1,amd_ryzen7_7700_nothp
Size 1MB,MpQueue,5,0.9323740005129366,1.0895301098753412,2385.236834239283,1,1,amd_ryzen7_7700_nothp
Size 1MB,MpQueue,6,0.9378140002809232,1.0525551098544386,2395.9301389279044,1,1,amd_ryzen7_7700_nothp
Size 1MB,MpQueue,7,0.9498839999650954,1.0475724998832447,2382.8841056513393,1,1,amd_ryzen7_7700_nothp
Size 1MB,MpQueue,8,0.9239439996235888,1.0440320092675393,2408.088963460862,1,1,amd_ryzen7_7700_nothp
Size 1MB,MpQueue,9,0.9099650005737203,1.0028727004464602,2446.1947837814337,1,1,amd_ryzen7_7700_nothp
Size 1MB,MpPipe,0,0.25332849963888293,0.6794885000272192,3784.0907553400107,1,1,amd_ryzen7_7700_nothp
Size 1MB,MpPipe,1,0.2555385008236044,0.7070552095683525,3723.885092079943,1,1,amd_ryzen7_7700_nothp
Size 1MB,MpPipe,2,0.24821799979690695,0.5418634887610109,3827.579193227485,1,1,amd_ryzen7_7700_nothp
Size 1MB,MpPipe,3,0.25150400051643373,0.7123315899116283,3774.568145091575,1,1,amd_ryzen7_7700_nothp
Size 1MB,MpPipe,4,0.2506834989617346,0.5361118907239885,3872.978467491039,1,1,amd_ryzen7_7700_nothp
Size 1MB,MpPipe,5,0.2527935002945014,0.663699789420207,3832.3361371106266,1,1,amd_ryzen7_7700_nothp
Size 1MB,MpPipe,6,0.25155849925795337,0.6769209006051824,3792.026676182649,1,1,amd_ryzen7_7700_nothp
Size 1MB,MpPipe,7,0.24919350016716635,0.6656443989959372,3840.624823491295,1,1,amd_ryzen7_7700_nothp
Size 1MB,MpPipe,8,0.2512080000087735,0.3200046012898383,3885.61352166048,1,1,amd_ryzen7_7700_nothp
Size 1MB,MpPipe,9,0.2521685009924113,0.6742126002609439,3749.0596185684512,1,1,amd_ryzen7_7700_nothp
Size 1MB,MpShm,0,0.30538299961335724,0.3192390998083283,3153.1940381107333,1,1,amd_ryzen7_7700_nothp
Size 1MB,MpShm,1,0.3042429998458829,0.3174547997332411,3151.7336449679415,1,1,amd_ryzen7_7700_nothp
Size 1MB,MpShm,2,0.30344800052262144,0.3246116005357182,3155.434660378805,1,1,amd_ryzen7_7700_nothp
Size 1MB,MpShm,3,0.3050780005651177,0.4203624101137394,3125.2380551749147,1,1,amd_ryzen7_7700_nothp
Size 1MB,MpShm,4,0.3050580007766257,0.36830409995673163,3129.3338339871466,1,1,amd_ryzen7_7700_nothp
Size 1MB,MpShm,5,0.30563800009986153,0.41618800945798295,3127.2591515148897,1,1,amd_ryzen7_7700_nothp
Size 1MB,MpShm,6,0.3049380002266844,0.433699208751932,3118.591538090832,1,1,amd_ryzen7_7700_nothp
Size 1MB,MpShm,7,0.3064635002374416,0.3450285895996794,3126.5097622890617,1,1,amd_ryzen7_7700_nothp
Size 1MB,MpShm,8,0.30619849985669134,0.34719850045803535,3134.490846489054,1,1,amd_ryzen7_7700_nothp
Size 1MB,MpShm,9,0.3041580002900446,0.3180076993339753,3162.1583248802626,1,1,amd_ryzen7_7700_nothp
Size 1MB,ZeroMQ,0,0.4027124996355269,1.7279730895643297,2305.857598879694,1,1,amd_ryzen7_7700_nothp
Size 1MB,ZeroMQ,1,0.40450249980494846,1.6836916107786237,2264.057348123875,1,1,amd_ryzen7_7700_nothp
Size 1MB,ZeroMQ,2,0.40570700002717786,1.717607190294075,2334.0913294887914,1,1,amd_ryzen7_7700_nothp
Size 1MB,ZeroMQ,3,0.41443299960519653,1.7634568993162247,2273.9066809170004,1,1,amd_ryzen7_7700_nothp
Size 1MB,ZeroMQ,4,0.41003299975272967,1.6679147998183907,2318.5893118553713,1,1,amd_ryzen7_7700_nothp
Size 1MB,ZeroMQ,5,0.40254800023831194,2.3506014999475155,2322.896343274868,1,1,amd_ryzen7_7700_nothp
Size 1MB,ZeroMQ,6,0.4147080007896875,1.7240020001372627,765.8120780782821,1,1,amd_ryzen7_7700_nothp
Size 1MB,ZeroMQ,7,0.4106975002287072,1.7130227901543549,2256.242294826414,1,1,amd_ryzen7_7700_nothp
Size 1MB,ZeroMQ,8,0.4112719998374814,1.7151341000862885,2248.24339122432,1,1,amd_ryzen7_7700_nothp
Size 1MB,ZeroMQ,9,0.4096574994036928,1.7804101991350763,717.9388796125065,1,1,amd_ryzen7_7700_nothp
Size 1MB,PosixIpc,0,0.32186800035560736,0.33708859964463045,3156.9125382718466,1,1,amd_ryzen7_7700_nothp
Size 1MB,PosixIpc,1,0.3241080012230668,0.5434582598172762,3056.1270725396735,1,1,amd_ryzen7_7700_nothp
Size 1MB,PosixIpc,2,0.32061850106401835,0.3363559991157672,3172.6356369695795,1,1,amd_ryzen7_7700_nothp
Size 1MB,PosixIpc,3,0.31317800039687427,0.433792201220058,3172.5520945174035,1,1,amd_ryzen7_7700_nothp
Size 1MB,PosixIpc,4,0.3105635005340446,0.3329204995498003,3200.445399578923,1,1,amd_ryzen7_7700_nothp
Size 1MB,PosixIpc,5,0.3114479995929287,0.33649160082859453,3195.0034235837334,1,1,amd_ryzen7_7700_nothp
Size 1MB,PosixIpc,6,0.30795800012128893,0.3330579994326399,3231.637681205315,1,1,amd_ryzen7_7700_nothp
Size 1MB,PosixIpc,7,0.32050800018623704,0.49792499072282304,3123.6737564145733,1,1,amd_ryzen7_7700_nothp
Size 1MB,PosixIpc,8,0.32172800001717405,0.34113320070900965,3146.7843026463465,1,1,amd_ryzen7_7700_nothp
Size 1MB,PosixIpc,9,0.3226079998057685,0.9723674505585425,2998.997315247523,1,1,amd_ryzen7_7700_nothp
Size 2MB,RsIpc_zerocopy,0,0.12361900007817894,0.132737888579868,17098.667348268064,1,1,amd_ryzen7_7700_nothp
Size 2MB,RsIpc_zerocopy,1,0.12680450072366511,0.1428118010153412,17085.66702249739,1,1,amd_ryzen7_7700_nothp
Size 2MB,RsIpc_zerocopy,2,0.12498399973992491,0.1436416002434271,16906.16075020181,1,1,amd_ryzen7_7700_nothp
Size 2MB,RsIpc_zerocopy,3,0.12385399986669654,0.13332129976333817,17258.313287521312,1,1,amd_ryzen7_7700_nothp
Size 2MB,RsIpc_zerocopy,4,0.12712949956039665,0.13614800058348916,17327.602055708958,1,1,amd_ryzen7_7700_nothp
Size 2MB,RsIpc_zerocopy,5,0.12342950049060164,0.13159289985196665,17333.216969734098,1,1,amd_ryzen7_7700_nothp
Size 2MB,RsIpc_zerocopy,6,0.12513899946497986,0.13276979016154655,17275.74016171045,1,1,amd_ryzen7_7700_nothp
Size 2MB,RsIpc_zerocopy,7,0.12037399937980808,0.13316600068719708,17600.722335610342,1,1,amd_ryzen7_7700_nothp
Size 2MB,RsIpc_zerocopy,8,0.1275790009458433,0.1427339992005727,16755.097277426335,1,1,amd_ryzen7_7700_nothp
Size 2MB,RsIpc_zerocopy,9,0.12081900058547035,0.13633269960337202,17535.431872851535,1,1,amd_ryzen7_7700_nothp
Size 2MB,RsIpc_copy,0,0.6015210001351079,0.6174302003819321,3313.0933698539748,1,1,amd_ryzen7_7700_nothp
Size 2MB,RsIpc_copy,1,0.602240999796777,0.6140195994521491,3307.8221409702433,1,1,amd_ryzen7_7700_nothp
Size 2MB,RsIpc_copy,2,0.6008310001561767,0.6118047993004438,3334.0369818796726,1,1,amd_ryzen7_7700_nothp
Size 2MB,RsIpc_copy,3,0.6048314999134163,0.616694800046389,3310.6265732827064,1,1,amd_ryzen7_7700_nothp
Size 2MB,RsIpc_copy,4,0.6008310001561767,0.6097045998103567,3335.5266087694495,1,1,amd_ryzen7_7700_nothp
Size 2MB,RsIpc_copy,5,0.605206000727776,0.6266549993415537,3318.335287485046,1,1,amd_ryzen7_7700_nothp
Size 2MB,RsIpc_copy,6,0.5999309987601009,0.6134296988966524,3333.852525295394,1,1,amd_ryzen7_7700_nothp
Size 2MB,RsIpc_copy,7,0.6013764996168902,0.6128728000658157,3324.9873380960003,1,1,amd_ryzen7_7700_nothp
Size 2MB,RsIpc_copy,8,0.6007864994899137,0.6072573998972075,3333.7458288291155,1,1,amd_ryzen7_7700_nothp
Size 2MB,RsIpc_copy,9,0.6037664998075343,0.6161156896268949,3321.261930015808,1,1,amd_ryzen7_7700_nothp
Size 2MB,MpQueue,0,2.2672855002383585,2.3503531996357188,1783.5292712700964,1,1,amd_ryzen7_7700_nothp
Size 2MB,MpQueue,1,2.194721500018204,2.291488789760477,1844.6411155672374,1,1,amd_ryzen7_7700_nothp
Size 2MB,MpQueue,2,2.2743710005670437,2.403840889091952,1781.545469320698,1,1,amd_ryzen7_7700_nothp
Size 2MB,MpQueue,3,2.2613059991272166,2.3777723895182126,1788.5670021494118,1,1,amd_ryzen7_7700_nothp
Size 2MB,MpQueue,4,2.247636499305372,2.354936189094586,1807.5009663430883,1,1,amd_ryzen7_7700_nothp
Size 2MB,MpQueue,5,2.2681410009681713,2.3680977900767166,1787.0829678896414,1,1,amd_ryzen7_7700_nothp
Size 2MB,MpQueue,6,2.229590999377251,2.389493289647361,1817.9477326218857,1,1,amd_ryzen7_7700_nothp
Size 2MB,MpQueue,7,2.2092865001468454,2.325544289633398,1832.7579252279293,1,1,amd_ryzen7_7700_nothp
Size 2MB,MpQueue,8,2.286000999447424,2.3889850893829125,1769.399865999746,1,1,amd_ryzen7_7700_nothp
Size 2MB,MpQueue,9,2.1782359999633627,2.327488881219323,1860.2446729677697,1,1,amd_ryzen7_7700_nothp
Size 2MB,MpPipe,0,0.5044819999966421,0.5828983902574691,3851.0620246188673,1,1,amd_ryzen7_7700_nothp
Size 2MB,MpPipe,1,0.5074170003354084,0.5578600888293294,3864.7487129530437,1,1,amd_ryzen7_7700_nothp
Size 2MB,MpPipe,2,0.5055864994574222,0.6031726002038338,3842.6551825321694,1,1,amd_ryzen7_7700_nothp
Size 2MB,MpPipe,3,0.5092470000818139,0.5843912999807798,3868.64727739922,1,1,amd_ryzen7_7700_nothp
Size 2MB,MpPipe,4,0.5018319989176234,0.6608019996201613,3810.7822386423377,1,1,amd_ryzen7_7700_nothp
Size 2MB,MpPipe,5,0.5070070001238491,0.5592517100376426,3884.4147337262148,1,1,amd_ryzen7_7700_nothp
Size 2MB,MpPipe,6,0.5077019995951559,1.334695600289706,3749.75155550061,1,1,amd_ryzen7_7700_nothp
Size 2MB,MpPipe,7,0.5023070007155184,0.5662896993271715,3895.6132259233655,1,1,amd_ryzen7_7700_nothp
Size 2MB,MpPipe,8,0.49972149918176,1.0762279801929229,3801.9935449203153,1,1,amd_ryzen7_7700_nothp
Size 2MB,MpPipe,9,0.49831649903353537,0.5832117898717114,3922.883870505315,1,1,amd_ryzen7_7700_nothp
Size 2MB,MpShm,0,0.5962209997960599,0.6105046000084258,3186.4645613060993,1,1,amd_ryzen7_7700_nothp
Size 2MB,MpShm,1,0.5784259992651641,0.597276400148985,3268.9557714521197,1,1,amd_ryzen7_7700_nothp
Size 2MB,MpShm,2,0.5825719999847934,0.5967831996167661,3245.404823178303,1,1,amd_ryzen7_7700_nothp
Size 2MB,MpShm,3,0.5779315006293473,0.5879790899780346,3283.6663474060083,1,1,amd_ryzen7_7700_nothp
Size 2MB,MpShm,4,0.5796610003017122,0.5995951098884689,3265.1143736391014,1,1,amd_ryzen7_7700_nothp
Size 2MB,MpShm,5,0.5821664999530185,0.5993336899155111,3256.0575899254172,1,1,amd_ryzen7_7700_nothp
Size 2MB,MpShm,6,0.5788714997834177,0.5931173992757977,3263.9458696331785,1,1,amd_ryzen7_7700_nothp
Size 2MB,MpShm,7,0.5759365003541461,0.5859393012542569,3284.0955456629604,1,1,amd_ryzen7_7700_nothp
Size 2MB,MpShm,8,0.5799415002911701,0.5947964996448718,3257.97549141232,1,1,amd_ryzen7_7700_nothp
Size 2MB,MpShm,9,0.5779364992122282,0.5905070096923737,3288.1519876962816,1,1,amd_ryzen7_7700_nothp
Size 2MB,ZeroMQ,0,0.7846500002415269,2.8327746495051493,2379.3048822589353,1,1,amd_ryzen7_7700_nothp
Size 2MB,ZeroMQ,1,0.7937150003272109,2.7023615912366927,844.121326995339,1,1,amd_ryzen7_7700_nothp
Size 2MB,ZeroMQ,2,0.7877399993958534,3.6476804604171735,2256.9098228127145,1,1,amd_ryzen7_7700_nothp
Size 2MB,ZeroMQ,3,0.7938644994283095,3.2187067699487635,2252.1626476069987,1,1,amd_ryzen7_7700_nothp
Size 2MB,ZeroMQ,4,0.7873450003899052,2.5004510300641356,2309.842317807619,1,1,amd_ryzen7_7700_nothp
Size 2MB,ZeroMQ,5,0.7853850001993123,3.1042674999480364,1088.333814094226,1,1,amd_ryzen7_7700_nothp
Size 2MB,ZeroMQ,6,0.7942804986669216,3.250623879612247,2304.703833695595,1,1,amd_ryzen7_7700_nothp
Size 2MB,ZeroMQ,7,0.7843954990676139,3.137822479693566,2330.407208026032,1,1,amd_ryzen7_7700_nothp
Size 2MB,ZeroMQ,8,0.7879850008976064,3.0969288998494444,2303.8874818059394,1,1,amd_ryzen7_7700_nothp
Size 2MB,ZeroMQ,9,0.7916949998616474,4.201937340294529,2292.1261615648427,1,1,amd_ryzen7_7700_nothp
Size 2MB,PosixIpc,0,0.6031109996911255,0.6156372891928186,3247.5713078124427,1,1,amd_ryzen7_7700_nothp
Size 2MB,PosixIpc,1,0.6286309999268269,0.6507105990385752,3135.61951041993,1,1,amd_ryzen7_7700_nothp
Size 2MB,PosixIpc,2,0.6271860002016183,0.6375211009071791,3151.0944097994125,1,1,amd_ryzen7_7700_nothp
Size 2MB,PosixIpc,3,0.6009009994158987,0.6394835996979964,3193.6058389917184,1,1,amd_ryzen7_7700_nothp
Size 2MB,PosixIpc,4,0.6289459997788072,0.6498833995647146,3175.40483829142,1,1,amd_ryzen7_7700_nothp
Size 2MB,PosixIpc,5,0.6355420000545564,0.6476260986892157,3123.976995174296,1,1,amd_ryzen7_7700_nothp
Size 2MB,PosixIpc,6,0.6258865005293046,0.6413705010345438,3172.6319125977707,1,1,amd_ryzen7_7700_nothp
Size 2MB,PosixIpc,7,0.6075160008549574,0.6522613085871853,3178.14332358061,1,1,amd_ryzen7_7700_nothp
Size 2MB,PosixIpc,8,0.628121500085399,0.6416238892779802,3162.6252585997286,1,1,amd_ryzen7_7700_nothp
Size 2MB,PosixIpc,9,0.6293610003922367,0.6413857008556078,3144.433582191917,1,1,amd_ryzen7_7700_nothp
Size 4MB,RsIpc_zerocopy,0,0.23188399973150808,0.24989749990709242,16391.44865480201,1,1,amd_ryzen7_7700_nothp
Size 4MB,RsIpc_zerocopy,1,0.2385635007158271,0.2714589997594885,16363.76348831404,1,1,amd_ryzen7_7700_nothp
Size 4MB,RsIpc_zerocopy,2,0.226053000005777,0.2435265000713116,16569.40613517003,1,1,amd_ryzen7_7700_nothp
Size 4MB,RsIpc_zerocopy,3,0.241343499510549,0.2689935001399135,15983.177946703807,1,1,amd_ryzen7_7700_nothp
Size 4MB,RsIpc_zerocopy,4,0.2368734994888655,0.26608350008245907,16400.032576392547,1,1,amd_ryzen7_7700_nothp
Size 4MB,RsIpc_zerocopy,5,0.2409979997537448,0.26500849962758366,16048.9766126858,1,1,amd_ryzen7_7700_nothp
Size 4MB,RsIpc_zerocopy,6,0.23838850029278547,0.2717644994845614,16210.025937868308,1,1,amd_ryzen7_7700_nothp
Size 4MB,RsIpc_zerocopy,7,0.2242680002382258,0.2480639505847648,16785.638056485775,1,1,amd_ryzen7_7700_nothp
Size 4MB,RsIpc_zerocopy,8,0.23846850035624811,0.2627329506140086,16308.005845985781,1,1,amd_ryzen7_7700_nothp
Size 4MB,RsIpc_zerocopy,9,0.22868400083098095,0.25983944988183794,16490.79607374021,1,1,amd_ryzen7_7700_nothp
Size 4MB,RsIpc_copy,0,1.202042500153766,1.220398049645155,3305.056902343253,1,1,amd_ryzen7_7700_nothp
Size 4MB,RsIpc_copy,1,1.2029324998366064,1.2191425000310119,3311.6758098356077,1,1,amd_ryzen7_7700_nothp
Size 4MB,RsIpc_copy,2,1.2065524997524335,1.2182574491816922,3294.404700658548,1,1,amd_ryzen7_7700_nothp
Size 4MB,RsIpc_copy,3,1.2033269995299634,1.2225724503878155,3295.388310035649,1,1,amd_ryzen7_7700_nothp
Size 4MB,RsIpc_copy,4,1.1993480002274737,1.2183184499917843,3289.6846181831625,1,1,amd_ryzen7_7700_nothp
Size 4MB,RsIpc_copy,5,1.1977779995504534,1.2135430498346977,3316.9955804671,1,1,amd_ryzen7_7700_nothp
Size 4MB,RsIpc_copy,6,1.1972775000685942,1.2111709994314879,3322.6200233519053,1,1,amd_ryzen7_7700_nothp
Size 4MB,RsIpc_copy,7,1.1949979998462368,1.2091494998458074,3324.008942591852,1,1,amd_ryzen7_7700_nothp
Size 4MB,RsIpc_copy,8,1.2061024990543956,1.2191875002827146,3308.162270099662,1,1,amd_ryzen7_7700_nothp
Size 4MB,RsIpc_copy,9,1.2023569997836603,1.2217944987241935,3309.9058863408313,1,1,amd_ryzen7_7700_nothp
Size 4MB,MpQueue,0,3.6690559991257032,4.039777450270776,2379.3961811628565,1,1,amd_ryzen7_7700_nothp
Size 4MB,MpQueue,1,3.53642700065393,3.8609799499681685,2448.0587765917594,1,1,amd_ryzen7_7700_nothp
Size 4MB,MpQueue,2,3.605551999498857,3.8730360003683018,2419.2851999895015,1,1,amd_ryzen7_7700_nothp
Size 4MB,MpQueue,3,3.6021574996993877,3.904583549774543,2430.207635562034,1,1,amd_ryzen7_7700_nothp
Size 4MB,MpQueue,4,3.7041814994154265,4.13455700090708,2362.779499729272,1,1,amd_ryzen7_7700_nothp
Size 4MB,MpQueue,5,3.5909529997297795,3.8692725505825365,2431.810670136805,1,1,amd_ryzen7_7700_nothp
Size 4MB,MpQueue,6,3.769026499867323,4.207167499043862,2331.412720274044,1,1,amd_ryzen7_7700_nothp
Size 4MB,MpQueue,7,3.623352001341118,3.9119819496590935,2405.3461003967054,1,1,amd_ryzen7_7700_nothp
Size 4MB,MpQueue,8,3.6491069995463477,3.9666130007390166,2396.0860370469363,1,1,amd_ryzen7_7700_nothp
Size 4MB,MpQueue,9,3.7385214991445537,4.08822294921265,2342.245610420142,1,1,amd_ryzen7_7700_nothp
Size 4MB,MpPipe,0,0.9940489999280544,2.2686778003844643,3654.748481086016,1,1,amd_ryzen7_7700_nothp
Size 4MB,MpPipe,1,0.9981479997804854,1.0488100504517206,3839.541209711169,1,1,amd_ryzen7_7700_nothp
Size 4MB,MpPipe,2,1.0048190006273217,2.5096577497606605,3538.526403253272,1,1,amd_ryzen7_7700_nothp
Size 4MB,MpPipe,3,0.9983889995055506,2.4126542502926873,3728.743461076382,1,1,amd_ryzen7_7700_nothp
Size 4MB,MpPipe,4,1.0102240003107,2.378712200334119,3760.0096905563423,1,1,amd_ryzen7_7700_nothp
Size 4MB,MpPipe,5,0.9920690008584643,2.3486058499656775,3629.0300963188593,1,1,amd_ryzen7_7700_nothp
Size 4MB,MpPipe,6,0.9987729990825756,2.3699812498307415,3715.6727781042014,1,1,amd_ryzen7_7700_nothp
Size 4MB,MpPipe,7,0.9908034999170923,1.0514424500797759,3868.039091880943,1,1,amd_ryzen7_7700_nothp
Size 4MB,MpPipe,8,1.039819000652642,2.69755589961278,3360.5567709398306,1,1,amd_ryzen7_7700_nothp
Size 4MB,MpPipe,9,1.0066434997497709,2.5202747504408736,3600.800768964345,1,1,amd_ryzen7_7700_nothp
Size 4MB,MpShm,0,1.1664624998957152,1.1785635002524941,3242.9156051340815,1,1,amd_ryzen7_7700_nothp
Size 4MB,MpShm,1,1.130962499701127,1.1503845005790936,3328.7052142328685,1,1,amd_ryzen7_7700_nothp
Size 4MB,MpShm,2,1.1327980000714888,1.1670899493765319,3326.4374437095735,1,1,amd_ryzen7_7700_nothp
Size 4MB,MpShm,3,1.1231030002818443,1.138237549457699,3352.1676906114026,1,1,amd_ryzen7_7700_nothp
Size 4MB,MpShm,4,1.164732500910759,1.203575050294603,3239.768929353155,1,1,amd_ryzen7_7700_nothp
Size 4MB,MpShm,5,1.12901249940478,1.2136669500250714,3324.7550455597075,1,1,amd_ryzen7_7700_nothp
Size 4MB,MpShm,6,1.1249629997109878,1.14333450101185,3345.8244535479853,1,1,amd_ryzen7_7700_nothp
Size 4MB,MpShm,7,1.129827500335523,1.166427999942243,3328.8555182371124,1,1,amd_ryzen7_7700_nothp
Size 4MB,MpShm,8,1.1264830000072834,1.145676949636254,3342.459344633295,1,1,amd_ryzen7_7700_nothp
Size 4MB,MpShm,9,1.1234679996050545,1.1495344995637424,3355.9473762824337,1,1,amd_ryzen7_7700_nothp
Size 4MB,ZeroMQ,0,1.5823349995116587,4.020995500013669,2171.2096336015625,1,1,amd_ryzen7_7700_nothp
Size 4MB,ZeroMQ,1,1.6039494994402048,3.0345778007358586,2182.4209628856747,1,1,amd_ryzen7_7700_nothp
Size 4MB,ZeroMQ,2,1.6163550008059246,3.3768910006074293,1971.9472723082276,1,1,amd_ryzen7_7700_nothp
Size 4MB,ZeroMQ,3,1.6007549993446446,3.5353698994185825,1095.170494338339,1,1,amd_ryzen7_7700_nothp
Size 4MB,ZeroMQ,4,1.6251745000772644,3.3284529496995674,2064.1562273691993,1,1,amd_ryzen7_7700_nothp
Size 4MB,ZeroMQ,5,1.6025095001168665,3.4957423507876215,1084.1207924075813,1,1,amd_ryzen7_7700_nothp
Size 4MB,ZeroMQ,6,1.6064649998952518,3.883905851125745,2125.6095295946307,1,1,amd_ryzen7_7700_nothp
Size 4MB,ZeroMQ,7,1.5944545002639643,3.33930695132949,2061.883126437586,1,1,amd_ryzen7_7700_nothp
Size 4MB,ZeroMQ,8,1.62032000025647,5.808361248909926,1024.8819639781207,1,1,amd_ryzen7_7700_nothp
Size 4MB,ZeroMQ,9,1.6052599994509364,3.8552803492166263,2160.0917469314372,1,1,amd_ryzen7_7700_nothp
Size 4MB,PosixIpc,0,1.3165464997655363,1.344938549300423,3214.154121846133,1,1,amd_ryzen7_7700_nothp
Size 4MB,PosixIpc,1,1.3386065011218307,1.365142499889771,3145.667834514389,1,1,amd_ryzen7_7700_nothp
Size 4MB,PosixIpc,2,1.3155864999134792,1.3402344998212357,3209.732492514715,1,1,amd_ryzen7_7700_nothp
Size 4MB,PosixIpc,3,1.3118820006638998,1.32672449999518,3202.0134260535096,1,1,amd_ryzen7_7700_nothp
Size 4MB,PosixIpc,4,1.3233669997134712,1.34028605034473,3175.7430968104304,1,1,amd_ryzen7_7700_nothp
Size 4MB,PosixIpc,5,1.317711999945459,1.3529034505154414,3196.31192095789,1,1,amd_ryzen7_7700_nothp
Size 4MB,PosixIpc,6,1.3208564996602945,1.3445025002511102,3193.630082246089,1,1,amd_ryzen7_7700_nothp
Size 4MB,PosixIpc,7,1.3156664999769419,1.3344604998565046,3219.145644344415,1,1,amd_ryzen7_7700_nothp
Size 4MB,PosixIpc,8,1.3186469996071537,1.3515109999389097,3205.0580088659876,1,1,amd_ryzen7_7700_nothp
Size 4MB,PosixIpc,9,1.316740999754984,1.3391384502028814,3213.2160550195304,1,1,amd_ryzen7_7700_nothp
Size 8MB,RsIpc_zerocopy,0,0.48705200060794596,0.5244057990421425,13435.534081614971,1,1,amd_ryzen7_7700_nothp
Size 8MB,RsIpc_zerocopy,1,0.4781970001204172,0.5116490987893485,13630.61709115173,1,1,amd_ryzen7_7700_nothp
Size 8MB,RsIpc_zerocopy,2,0.4824369989364641,0.5126127104085754,13487.667088156508,1,1,amd_ryzen7_7700_nothp
Size 8MB,RsIpc_zerocopy,3,0.4822470000362955,0.5067916898951808,13513.588271812896,1,1,amd_ryzen7_7700_nothp
Size 8MB,RsIpc_zerocopy,4,0.47313200047938153,0.49413050024668337,13648.388758251243,1,1,amd_ryzen7_7700_nothp
Size 8MB,RsIpc_zerocopy,5,0.4740570002468303,0.48804069938341854,13693.693724676506,1,1,amd_ryzen7_7700_nothp
Size 8MB,RsIpc_zerocopy,6,0.4912169997624005,0.5038638000223727,13551.903515311675,1,1,amd_ryzen7_7700_nothp
Size 8MB,RsIpc_zerocopy,7,0.4845869998462149,0.5174505009927088,13631.1634645954,1,1,amd_ryzen7_7700_nothp
Size 8MB,RsIpc_zerocopy,8,0.485612000375113,0.606857689363096,13557.197116122998,1,1,amd_ryzen7_7700_nothp
Size 8MB,RsIpc_zerocopy,9,0.4767969994645682,0.505878299154574,13736.734875607344,1,1,amd_ryzen7_7700_nothp
Size 8MB,RsIpc_copy,0,2.783402500426746,2.8290251990074466,2986.8730197565164,1,1,amd_ryzen7_7700_nothp
Size 8MB,RsIpc_copy,1,2.8265820001251996,2.9061413906492817,2944.9937292025447,1,1,amd_ryzen7_7700_nothp
Size 8MB,RsIpc_copy,2,2.8010779997202917,2.8220860115288815,2955.7012974943623,1,1,amd_ryzen7_7700_nothp
Size 8MB,RsIpc_copy,3,2.7795064997917507,2.861638100057462,2976.569440648618,1,1,amd_ryzen7_7700_nothp
Size 8MB,RsIpc_copy,4,2.800351499899989,2.837997500646452,2956.8732550817845,1,1,amd_ryzen7_7700_nothp
Size 8MB,RsIpc_copy,5,2.8003875004287693,2.837671601337206,2968.531433154745,1,1,amd_ryzen7_7700_nothp
Size 8MB,RsIpc_copy,6,2.782987000500725,2.872207009113481,2991.189376896077,1,1,amd_ryzen7_7700_nothp
Size 8MB,RsIpc_copy,7,2.8014520003125654,2.8509910901266267,2973.6070720559906,1,1,amd_ryzen7_7700_nothp
Size 8MB,RsIpc_copy,8,2.8024670000377228,2.858442901124363,2961.166028732868,1,1,amd_ryzen7_7700_nothp
Size 8MB,RsIpc_copy,9,2.7914520014746813,2.8249140900879866,2989.396870854189,1,1,amd_ryzen7_7700_nothp
Size 8MB,MpQueue,0,10.023470000305679,12.119724590847909,1629.9504868915376,1,1,amd_ryzen7_7700_nothp
Size 8MB,MpQueue,1,9.970095999960904,10.263727779947658,1645.517287218033,1,1,amd_ryzen7_7700_nothp
Size 8MB,MpQueue,2,9.42483499966329,9.693511091063556,1726.5648803088402,1,1,amd_ryzen7_7700_nothp
Size 8MB,MpQueue,3,9.535583499200584,9.922600870086171,1715.5968837070734,1,1,amd_ryzen7_7700_nothp
Size 8MB,MpQueue,4,9.609797999473813,9.998186579541652,1705.0888365710937,1,1,amd_ryzen7_7700_nothp
Size 8MB,MpQueue,5,9.471304500038968,9.936033980684442,1729.8339498872297,1,1,amd_ryzen7_7700_nothp
Size 8MB,MpQueue,6,9.590248499989684,10.124249399286782,1672.6723182082746,1,1,amd_ryzen7_7700_nothp
Size 8MB,MpQueue,7,9.807122000893287,10.074513589752314,1675.3850037386583,1,1,amd_ryzen7_7700_nothp
Size 8MB,MpQueue,8,9.649188000366848,10.070468869180331,1699.7091813511497,1,1,amd_ryzen7_7700_nothp
Size 8MB,MpQueue,9,9.269180499359209,9.739419890593126,1731.9297204833426,1,1,amd_ryzen7_7700_nothp
Size 8MB,MpPipe,0,2.169131499613286,2.276402699717437,3484.9553930953043,1,1,amd_ryzen7_7700_nothp
Size 8MB,MpPipe,1,2.154001001144934,2.305079199904867,3487.48256950772,1,1,amd_ryzen7_7700_nothp
Size 8MB,MpPipe,2,2.191790999859222,2.24973249984032,3455.937205620586,1,1,amd_ryzen7_7700_nothp
Size 8MB,MpPipe,3,2.1469610001076944,2.2071789000438002,3490.8556491097734,1,1,amd_ryzen7_7700_nothp
Size 8MB,MpPipe,4,2.158127000257082,2.2241750001376204,3468.600553152023,1,1,amd_ryzen7_7700_nothp
Size 8MB,MpPipe,5,2.196390500103007,2.2740032886576955,3477.8601973590376,1,1,amd_ryzen7_7700_nothp
Size 8MB,MpPipe,6,2.2287455003606738,2.2604550007963553,3454.3099609462165,1,1,amd_ryzen7_7700_nothp
Size 8MB,MpPipe,7,2.1642860001520603,2.2508488007224514,3476.4282250757246,1,1,amd_ryzen7_7700_nothp
Size 8MB,MpPipe,8,2.147501000763441,2.2081699995760573,3489.4947289397956,1,1,amd_ryzen7_7700_nothp
Size 8MB,MpPipe,9,2.1519060001082835,2.2244948903062323,3493.9631577971504,1,1,amd_ryzen7_7700_nothp
Size 8MB,MpShm,0,2.425489499728428,2.452590989705641,3234.44999757269,1,1,amd_ryzen7_7700_nothp
Size 8MB,MpShm,1,2.407214999948337,2.4357271997905627,3244.310632400068,1,1,amd_ryzen7_7700_nothp
Size 8MB,MpShm,2,2.4083845000859583,2.4361668011260917,3244.295502030728,1,1,amd_ryzen7_7700_nothp
Size 8MB,MpShm,3,2.4048694995144615,2.5192421000065224,3256.8659543771582,1,1,amd_ryzen7_7700_nothp
Size 8MB,MpShm,4,2.419958999780647,2.554306490728777,3232.6653397599403,1,1,amd_ryzen7_7700_nothp
Size 8MB,MpShm,5,2.416750000520551,2.4475523003457056,3236.0399712836197,1,1,amd_ryzen7_7700_nothp
Size 8MB,MpShm,6,2.416734500002349,2.444214500264934,3238.837745487204,1,1,amd_ryzen7_7700_nothp
Size 8MB,MpShm,7,2.4173339998014853,2.445477799701621,3232.377693002553,1,1,amd_ryzen7_7700_nothp
Size 8MB,MpShm,8,2.38664949847589,2.437798511109577,3263.5971298141467,1,1,amd_ryzen7_7700_nothp
Size 8MB,MpShm,9,2.4220095001510344,2.447185500186606,3235.1380311200596,1,1,amd_ryzen7_7700_nothp
Size 8MB,ZeroMQ,0,4.486611000174889,4.825147990322876,1269.755178430298,1,1,amd_ryzen7_7700_nothp
Size 8MB,ZeroMQ,1,4.663835000428662,5.497519250093318,2058.69590352492,1,1,amd_ryzen7_7700_nothp
Size 8MB,ZeroMQ,2,4.628540000339854,5.474545550077891,2081.966649619054,1,1,amd_ryzen7_7700_nothp
Size 8MB,ZeroMQ,3,4.586364999340731,6.813081789659918,2045.5594544600344,1,1,amd_ryzen7_7700_nothp
Size 8MB,ZeroMQ,4,4.669850000027509,5.769607288766565,2023.2366324607788,1,1,amd_ryzen7_7700_nothp
Size 8MB,ZeroMQ,5,4.645824999897741,5.699473590048001,2081.094165440497,1,1,amd_ryzen7_7700_nothp
Size 8MB,ZeroMQ,6,4.376746500383888,4.814950601103192,2021.9920959449528,1,1,amd_ryzen7_7700_nothp
Size 8MB,ZeroMQ,7,4.641374999664549,6.080538380247162,1964.0625893074528,1,1,amd_ryzen7_7700_nothp
Size 8MB,ZeroMQ,8,4.633915000340494,4.908009689006576,2021.4623968824596,1,1,amd_ryzen7_7700_nothp
Size 8MB,ZeroMQ,9,4.652975000681181,4.860261800622538,1210.3606737526843,1,1,amd_ryzen7_7700_nothp
Size 8MB,PosixIpc,0,2.7086825011792826,2.797909199471178,3084.947499955053,1,1,amd_ryzen7_7700_nothp
Size 8MB,PosixIpc,1,2.7373819993954385,2.8082316999825707,3079.2722656083747,1,1,amd_ryzen7_7700_nothp
Size 8MB,PosixIpc,2,2.725711999119085,2.831127991012181,3052.8568195205235,1,1,amd_ryzen7_7700_nothp
Size 8MB,PosixIpc,3,2.727926999796182,2.7941261994965316,3067.692684614575,1,1,amd_ryzen7_7700_nothp
Size 8MB,PosixIpc,4,2.7129569998578518,2.7777441091711808,3067.5512360001267,1,1,amd_ryzen7_7700_nothp
Size 8MB,PosixIpc,5,2.71585250084172,2.801881900704757,3075.9858772551693,1,1,amd_ryzen7_7700_nothp
Size 8MB,PosixIpc,6,2.715857999646687,2.7785515994764864,3063.194516536367,1,1,amd_ryzen7_7700_nothp
Size 8MB,PosixIpc,7,2.7185574999748496,2.7804011900298065,3048.901008853342,1,1,amd_ryzen7_7700_nothp
Size 8MB,PosixIpc,8,2.7183830006833887,2.7891458009798953,3074.133094246463,1,1,amd_ryzen7_7700_nothp
Size 8MB,PosixIpc,9,2.714042499974312,2.9564057993593447,3059.201095551124,1,1,amd_ryzen7_7700_nothp
Size 16MB,RsIpc_zerocopy,0,1.532739999674959,1.566037700522429,9975.332042946071,1,1,amd_ryzen7_7700_nothp
Size 16MB,RsIpc_zerocopy,1,1.5290450000975397,1.5824162099670502,9975.871069628278,1,1,amd_ryzen7_7700_nothp
Size 16MB,RsIpc_zerocopy,2,1.5432500003953464,1.6587206099029572,10015.078953231621,1,1,amd_ryzen7_7700_nothp
Size 16MB,RsIpc_zerocopy,3,1.5316054996219464,1.5994885908185097,10060.062555655248,1,1,amd_ryzen7_7700_nothp
Size 16MB,RsIpc_zerocopy,4,1.5366799998446368,1.5620586089607968,9983.04151617893,1,1,amd_ryzen7_7700_nothp
Size 16MB,RsIpc_zerocopy,5,1.5383899999505957,1.5531248011393473,10025.054281183333,1,1,amd_ryzen7_7700_nothp
Size 16MB,RsIpc_zerocopy,6,1.5365400004156982,1.6079293806251371,9952.089603906603,1,1,amd_ryzen7_7700_nothp
Size 16MB,RsIpc_zerocopy,7,1.5339699994001421,1.5802284889832663,10002.552943308381,1,1,amd_ryzen7_7700_nothp
Size 16MB,RsIpc_zerocopy,8,1.5186310001809034,1.55278509029813,10066.244064726814,1,1,amd_ryzen7_7700_nothp
Size 16MB,RsIpc_zerocopy,9,1.532039999801782,1.56371719955132,10076.16087207901,1,1,amd_ryzen7_7700_nothp
Size 16MB,RsIpc_copy,0,6.656647000454541,6.855264709811308,2584.5169900696087,1,1,amd_ryzen7_7700_nothp
Size 16MB,RsIpc_copy,1,6.613691999518778,6.658150389885122,2624.5800097875626,1,1,amd_ryzen7_7700_nothp
Size 16MB,RsIpc_copy,2,6.59822199941118,6.731329688864207,2634.81137267212,1,1,amd_ryzen7_7700_nothp
Size 16MB,RsIpc_copy,3,6.633291500293126,6.679583899986028,2599.694886787609,1,1,amd_ryzen7_7700_nothp
Size 16MB,RsIpc_copy,4,6.616637499973876,6.644920300204831,2602.7098015605657,1,1,amd_ryzen7_7700_nothp
Size 16MB,RsIpc_copy,5,6.638787000156299,6.667507489291893,2618.683796076127,1,1,amd_ryzen7_7700_nothp
Size 16MB,RsIpc_copy,6,6.698071500068181,6.73792660003528,2593.755353518152,1,1,amd_ryzen7_7700_nothp
Size 16MB,RsIpc_copy,7,6.644202000643418,6.708147900426411,2592.48336021864,1,1,amd_ryzen7_7700_nothp
Size 16MB,RsIpc_copy,8,6.644402000347327,6.678668489566917,2626.7039490225966,1,1,amd_ryzen7_7700_nothp
Size 16MB,RsIpc_copy,9,6.626982500165468,6.896825471267221,2623.7929855193147,1,1,amd_ryzen7_7700_nothp
Size 16MB,MpQueue,0,21.415080999759084,21.5544485907958,1545.8212180456942,1,1,amd_ryzen7_7700_nothp
Size 16MB,MpQueue,1,21.27165199999581,21.637323999184446,1559.6836337760913,1,1,amd_ryzen7_7700_nothp
Size 16MB,MpQueue,2,20.958893499482656,21.220844500039675,1584.8813309493612,1,1,amd_ryzen7_7700_nothp
Size 16MB,MpQueue,3,21.16545750050136,21.599839600403357,1567.2252504486855,1,1,amd_ryzen7_7700_nothp
Size 16MB,MpQueue,4,21.888047499487584,22.217296900107613,1537.3629152734193,1,1,amd_ryzen7_7700_nothp
Size 16MB,MpQueue,5,21.00680849980563,21.348466309937066,1570.8696260887427,1,1,amd_ryzen7_7700_nothp
Size 16MB,MpQueue,6,21.76684349979041,22.325508900739806,1535.064877774321,1,1,amd_ryzen7_7700_nothp
Size 16MB,MpQueue,7,21.073047500067332,21.535003479566512,1557.5155749736834,1,1,amd_ryzen7_7700_nothp
Size 16MB,MpQueue,8,21.570649500063155,21.710698580063763,1539.0000404936268,1,1,amd_ryzen7_7700_nothp
Size 16MB,MpQueue,9,21.409565501016914,21.594315290076338,1539.42841793245,1,1,amd_ryzen7_7700_nothp
Size 16MB,MpPipe,0,4.85275799928786,4.893917300414614,3258.6208290854543,1,1,amd_ryzen7_7700_nothp
Size 16MB,MpPipe,1,4.8198129998127115,4.887795690283383,3236.299107489835,1,1,amd_ryzen7_7700_nothp
Size 16MB,MpPipe,2,4.81868849874445,4.862118398705206,3261.704690113905,1,1,amd_ryzen7_7700_nothp
Size 16MB,MpPipe,3,4.793258499375952,4.898562499656691,3278.4651231771795,1,1,amd_ryzen7_7700_nothp
Size 16MB,MpPipe,4,4.830953500459145,4.964164188641007,3235.4904615606215,1,1,amd_ryzen7_7700_nothp
Size 16MB,MpPipe,5,4.82145850037341,4.95846999972855,3229.0704385584154,1,1,amd_ryzen7_7700_nothp
Size 16MB,MpPipe,6,4.895768499409314,4.9601670007177745,3227.669519751621,1,1,amd_ryzen7_7700_nothp
Size 16MB,MpPipe,7,4.857658499531681,5.1997761894563155,3229.9178244440536,1,1,amd_ryzen7_7700_nothp
Size 16MB,MpPipe,8,4.891292999673169,4.95296680037427,3209.862087273608,1,1,amd_ryzen7_7700_nothp
Size 16MB,MpPipe,9,4.862928499278496,4.908032800958608,3236.622753279622,1,1,amd_ryzen7_7700_nothp
Size 16MB,MpShm,0,5.589423000856186,5.609509709465783,2872.1087662849304,1,1,amd_ryzen7_7700_nothp
Size 16MB,MpShm,1,5.615293001028476,5.6400448900785705,2856.112718486809,1,1,amd_ryzen7_7700_nothp
Size 16MB,MpShm,2,5.592533500021091,5.8760660914413165,2888.2271265286927,1,1,amd_ryzen7_7700_nothp
Size 16MB,MpShm,3,5.598033499154553,5.623799800086999,2879.4263261463016,1,1,amd_ryzen7_7700_nothp
Size 16MB,MpShm,4,5.6737579998298315,5.7423338992884965,2823.6641171622305,1,1,amd_ryzen7_7700_nothp
Size 16MB,MpShm,5,5.626438000035705,5.641667900763423,2860.049654989985,1,1,amd_ryzen7_7700_nothp
Size 16MB,MpShm,6,5.6388029997833655,5.679421800359705,2853.959638901623,1,1,amd_ryzen7_7700_nothp
Size 16MB,MpShm,7,5.62073849960143,5.876260490113054,2842.2010677718986,1,1,amd_ryzen7_7700_nothp
Size 16MB,MpShm,8,5.626123499496316,5.643820508739736,2855.813679885789,1,1,amd_ryzen7_7700_nothp
Size 16MB,MpShm,9,5.5723890000081155,5.584427589055849,2889.3911279281438,1,1,amd_ryzen7_7700_nothp
Size 16MB,ZeroMQ,0,9.554642500916088,11.505205038993154,1300.1756225741685,1,1,amd_ryzen7_7700_nothp
Size 16MB,ZeroMQ,1,10.120904000359587,11.405957700135332,1370.9550866275772,1,1,amd_ryzen7_7700_nothp
Size 16MB,ZeroMQ,2,9.364993999952276,10.585096188842726,1891.027939141116,1,1,amd_ryzen7_7700_nothp
Size 16MB,ZeroMQ,3,9.47918249948998,11.52076388036221,1272.3781764956193,1,1,amd_ryzen7_7700_nothp
Size 16MB,ZeroMQ,4,9.363723999740614,10.666248088964494,1866.9787881783266,1,1,amd_ryzen7_7700_nothp
Size 16MB,ZeroMQ,5,9.066315500604105,10.567913199556642,1877.1662498625576,1,1,amd_ryzen7_7700_nothp
Size 16MB,ZeroMQ,6,9.397763999913877,11.176661860336026,1860.614535170134,1,1,amd_ryzen7_7700_nothp
Size 16MB,ZeroMQ,7,9.404953999364807,11.425883240808616,1860.585037484001,1,1,amd_ryzen7_7700_nothp
Size 16MB,ZeroMQ,8,9.484262498517637,10.679149579791556,1154.5680141935056,1,1,amd_ryzen7_7700_nothp
Size 16MB,ZeroMQ,9,9.286239000175556,10.64377819051515,1862.3377618615114,1,1,amd_ryzen7_7700_nothp
Size 16MB,PosixIpc,0,5.899026499719184,5.979107500261307,2791.236383062326,1,1,amd_ryzen7_7700_nothp
Size 16MB,PosixIpc,1,5.968161000964756,6.265013901011116,2772.2551503010786,1,1,amd_ryzen7_7700_nothp
Size 16MB,PosixIpc,2,5.858176500623813,5.916743489942746,2849.970160824386,1,1,amd_ryzen7_7700_nothp
Size 16MB,PosixIpc,3,5.943545999798516,6.038282499521301,2794.6225918604664,1,1,amd_ryzen7_7700_nothp
Size 16MB,PosixIpc,4,5.922901000303682,6.049944099395361,2833.8277250812253,1,1,amd_ryzen7_7700_nothp
Size 16MB,PosixIpc,5,5.912871000873565,5.935625690854067,2834.6969505132247,1,1,amd_ryzen7_7700_nothp
Size 16MB,PosixIpc,6,5.925186000240501,6.130618400584353,2820.4807375379546,1,1,amd_ryzen7_7700_nothp
Size 16MB,PosixIpc,7,5.952031499873556,6.15381808967868,2741.4942129245837,1,1,amd_ryzen7_7700_nothp
Size 16MB,PosixIpc,8,5.998070500027097,6.372392790144659,2714.5450583788565,1,1,amd_ryzen7_7700_nothp
Size 16MB,PosixIpc,9,6.281403999309987,6.3728577989240875,2687.0586352245364,1,1,amd_ryzen7_7700_nothp
Size 32MB,RsIpc_zerocopy,0,25.887955000143847,26.130019689499022,2201.9270403040173,1,1,amd_ryzen7_7700_nothp
Size 32MB,RsIpc_zerocopy,1,25.643141500040656,25.810198680028407,2212.356693815557,1,1,amd_ryzen7_7700_nothp
Size 32MB,RsIpc_zerocopy,2,26.05322900126339,26.592574470614636,2173.175423640449,1,1,amd_ryzen7_7700_nothp
Size 32MB,RsIpc_zerocopy,3,26.191922999714734,26.498686390859802,2178.280777603077,1,1,amd_ryzen7_7700_nothp
Size 32MB,RsIpc_zerocopy,4,25.966678999793658,26.301372679299675,2193.644197463314,1,1,amd_ryzen7_7700_nothp
Size 32MB,RsIpc_zerocopy,5,26.412736498969025,26.864836589847982,2164.3657448527924,1,1,amd_ryzen7_7700_nothp
Size 32MB,RsIpc_zerocopy,6,26.289557000382047,26.755528568792215,2168.1942886596444,1,1,amd_ryzen7_7700_nothp
Size 32MB,RsIpc_zerocopy,7,26.191917500000272,26.577774680481525,2175.483332568485,1,1,amd_ryzen7_7700_nothp
Size 32MB,RsIpc_zerocopy,8,25.93211949988472,26.345402400675084,2185.313740147351,1,1,amd_ryzen7_7700_nothp
Size 32MB,RsIpc_zerocopy,9,26.03037900007621,26.387634578732104,2187.5649497457975,1,1,amd_ryzen7_7700_nothp
Size 32MB,RsIpc_copy,0,79.06954450027115,79.96635357010746,964.1836439318446,1,1,amd_ryzen7_7700_nothp
Size 32MB,RsIpc_copy,1,79.40943699941272,81.10712675943432,963.0703491707797,1,1,amd_ryzen7_7700_nothp
Size 32MB,RsIpc_copy,2,79.59756049967837,81.02274406934157,955.9321597449868,1,1,amd_ryzen7_7700_nothp
Size 32MB,RsIpc_copy,3,79.46655100022326,80.29692465988774,963.2496653068428,1,1,amd_ryzen7_7700_nothp
Size 32MB,RsIpc_copy,4,77.54512900010013,78.5721934101457,977.5866011226191,1,1,amd_ryzen7_7700_nothp
Size 32MB,RsIpc_copy,5,80.60381349969248,81.46200485967711,956.0771313949149,1,1,amd_ryzen7_7700_nothp
Size 32MB,RsIpc_copy,6,79.73574899915548,81.16218244011179,954.8208929762177,1,1,amd_ryzen7_7700_nothp
Size 32MB,RsIpc_copy,7,78.74580550014798,79.24293167980068,965.7668556167378,1,1,amd_ryzen7_7700_nothp
Size 32MB,RsIpc_copy,8,79.70774899968092,80.96809965933062,954.8197970589723,1,1,amd_ryzen7_7700_nothp
Size 32MB,RsIpc_copy,9,79.44091050012503,80.51726635987507,959.3235358864582,1,1,amd_ryzen7_7700_nothp
Size 32MB,MpQueue,0,71.60116149862006,72.5580588496814,1082.4516806694114,1,1,amd_ryzen7_7700_nothp
Size 32MB,MpQueue,1,70.36498999968899,70.9507426602795,1094.9668476701968,1,1,amd_ryzen7_7700_nothp
Size 32MB,MpQueue,2,70.14621599955717,70.76009025029634,1100.1178045102597,1,1,amd_ryzen7_7700_nothp
Size 32MB,MpQueue,3,70.76819650046673,71.8130923298122,1087.1671640716531,1,1,amd_ryzen7_7700_nothp
Size 32MB,MpQueue,4,70.55469300030381,71.40221825895424,1096.9081225651894,1,1,amd_ryzen7_7700_nothp
Size 32MB,MpQueue,5,70.3746940007477,70.82013578910846,1097.8490300248802,1,1,amd_ryzen7_7700_nothp
Size 32MB,MpQueue,6,71.06615399970906,71.59968810054124,1091.7700061475368,1,1,amd_ryzen7_7700_nothp
Size 32MB,MpQueue,7,71.2238485002672,71.89555449984255,1084.8488208967399,1,1,amd_ryzen7_7700_nothp
Size 32MB,MpQueue,8,70.59819699952641,71.87493394096236,1096.4571553927672,1,1,amd_ryzen7_7700_nothp
Size 32MB,MpQueue,9,70.65784099995653,71.73770578032418,1090.56616609593,1,1,amd_ryzen7_7700_nothp
Size 32MB,MpPipe,0,40.35368200038647,40.824958470202546,1102.1577846494504,1,1,amd_ryzen7_7700_nothp
Size 32MB,MpPipe,1,40.36590200030332,41.15462156076319,1095.5519716919075,1,1,amd_ryzen7_7700_nothp
Size 32MB,MpPipe,2,40.20630349896237,40.43156860925592,1113.0061264215042,1,1,amd_ryzen7_7700_nothp
Size 32MB,MpPipe,3,40.39724199992634,40.77491579078924,1106.5834825260674,1,1,amd_ryzen7_7700_nothp
Size 32MB,MpPipe,4,40.49408600076276,40.78533569860156,1097.41218341385,1,1,amd_ryzen7_7700_nothp
Size 32MB,MpPipe,5,40.076528998724825,40.20714199958093,1111.1886628214017,1,1,amd_ryzen7_7700_nothp
Size 32MB,MpPipe,6,40.65614999944955,41.20699116892865,1089.0499712300114,1,1,amd_ryzen7_7700_nothp
Size 32MB,MpPipe,7,40.263263000269944,40.4897610993612,1103.912531987536,1,1,amd_ryzen7_7700_nothp
Size 32MB,MpPipe,8,40.225352499874134,40.39372460149025,1104.1958710402025,1,1,amd_ryzen7_7700_nothp
Size 32MB,MpPipe,9,40.06284850038355,40.370338888897095,1113.1557217855218,1,1,amd_ryzen7_7700_nothp
Size 32MB,MpShm,0,39.53360200011957,39.7431095009415,1495.7377387268837,1,1,amd_ryzen7_7700_nothp
Size 32MB,MpShm,1,37.23494699988805,37.745773989645386,1578.3812020471453,1,1,amd_ryzen7_7700_nothp
Size 32MB,MpShm,2,38.572188000216556,39.0848018795441,1524.802228144891,1,1,amd_ryzen7_7700_nothp
Size 32MB,MpShm,3,38.78938649995689,39.19056849872504,1512.5406589462862,1,1,amd_ryzen7_7700_nothp
Size 32MB,MpShm,4,39.70647000005556,40.11112339956526,1484.2785677930206,1,1,amd_ryzen7_7700_nothp
Size 32MB,MpShm,5,40.648143999533204,40.9518803906758,1450.9295643991286,1,1,amd_ryzen7_7700_nothp
Size 32MB,MpShm,6,40.60063999986596,40.81571839100434,1456.1224483941178,1,1,amd_ryzen7_7700_nothp
Size 32MB,MpShm,7,38.63627250029822,39.16881746981744,1523.567404762038,1,1,amd_ryzen7_7700_nothp
Size 32MB,MpShm,8,39.33450200020161,39.79846600097517,1502.6815892987706,1,1,amd_ryzen7_7700_nothp
Size 32MB,MpShm,9,40.98426650034526,41.333371389409876,1444.695792252106,1,1,amd_ryzen7_7700_nothp
Size 32MB,ZeroMQ,0,74.79554100063979,75.55985178110859,736.9632451315638,1,1,amd_ryzen7_7700_nothp
Size 32MB,ZeroMQ,1,74.18139449964656,75.17736596906616,760.0185268130246,1,1,amd_ryzen7_7700_nothp
Size 32MB,ZeroMQ,2,74.20157400065364,76.93395033020352,765.7380697754268,1,1,amd_ryzen7_7700_nothp
Size 32MB,ZeroMQ,3,74.02384499982873,75.84287829111418,760.5781735270544,1,1,amd_ryzen7_7700_nothp
Size 32MB,ZeroMQ,4,74.40874200074177,75.40801188091791,758.039674626707,1,1,amd_ryzen7_7700_nothp
Size 32MB,ZeroMQ,5,73.96138550029718,74.56623980062432,761.7178526664085,1,1,amd_ryzen7_7700_nothp
Size 32MB,ZeroMQ,6,74.60197499949572,77.54721655028334,747.857157292199,1,1,amd_ryzen7_7700_nothp
Size 32MB,ZeroMQ,7,75.22052100102883,78.93137601024137,743.568571031413,1,1,amd_ryzen7_7700_nothp
Size 32MB,ZeroMQ,8,74.3692864989498,78.22899143964605,763.5147442409317,1,1,amd_ryzen7_7700_nothp
Size 32MB,ZeroMQ,9,74.24133750100737,78.33965305906531,759.8589616598308,1,1,amd_ryzen7_7700_nothp
Size 32MB,PosixIpc,0,47.8885740003534,48.84169047843898,1279.8424940492253,1,1,amd_ryzen7_7700_nothp
Size 32MB,PosixIpc,1,47.14494899963029,47.30216460897282,1285.0610862962506,1,1,amd_ryzen7_7700_nothp
Size 32MB,PosixIpc,2,46.74320150024869,46.937010700257815,1300.169818699434,1,1,amd_ryzen7_7700_nothp
Size 32MB,PosixIpc,3,46.56487199918047,47.6317315700544,1289.041401703987,1,1,amd_ryzen7_7700_nothp
Size 32MB,PosixIpc,4,48.07549199904315,48.470240988644946,1278.1132526273602,1,1,amd_ryzen7_7700_nothp
Size 32MB,PosixIpc,5,47.96484300004522,48.563747859825526,1273.5415532486804,1,1,amd_ryzen7_7700_nothp
Size 32MB,PosixIpc,6,47.62765949999448,47.92745239994474,1281.1548893883557,1,1,amd_ryzen7_7700_nothp
Size 32MB,PosixIpc,7,47.062178500709706,47.17889889923754,1290.2492913642282,1,1,amd_ryzen7_7700_nothp
Size 32MB,PosixIpc,8,47.98384750029072,48.538533981009095,1268.3008999448841,1,1,amd_ryzen7_7700_nothp
Size 32MB,PosixIpc,9,47.856672999841976,48.53585956074312,1272.5066865847546,1,1,amd_ryzen7_7700_nothp
